,adjposition,match up,total matches,dominant score
0,MID,Annie vs Ryze,80.0,25.0
1,MID,Ahri vs Ryze,319.0,21.159874608150474
2,JUNGLE,Rengar vs Xin Zhao,200.0,-17.5
3,TOP,Gangplank vs Singed,102.0,15.686274509803923
4,JUNGLE,Evelynn vs Rengar,118.0,15.254237288135599
5,JUNGLE,Hecarim vs Twitch,89.0,15.168539325842701
6,TOP,Yasuo vs Yorick,109.0,15.137614678899084
7,DUO_SUPPORT,Janna vs Tahm Kench,168.0,14.88095238095238
8,MID,Azir vs Lux,150.0,-14.666666666666664
9,TOP,Shen vs Teemo,189.0,-14.55026455026455
10,JUNGLE,Graves vs Ivern,410.0,-14.390243902439025
11,JUNGLE,Nunu vs Vi,95.0,14.21052631578948
12,MID,Ryze vs Twisted Fate,78.0,-14.102564102564102
13,MID,Ekko vs Ryze,130.0,13.84615384615384
14,TOP,Maokai vs Yasuo,113.0,-13.716814159292035
15,TOP,Irelia vs Kennen,186.0,13.44086021505376
16,JUNGLE,Elise vs Nunu,153.0,-13.398692810457518
17,TOP,Kennen vs Swain,90.0,-13.333333333333336
18,TOP,Jax vs Poppy,109.0,13.302752293577981
19,MID,Fizz vs Ryze,158.0,13.291139240506332
20,MID,Kassadin vs Ryze,147.0,13.265306122448983
21,TOP,Fizz vs Jayce,106.0,-13.20754716981132
22,MID,Fizz vs Galio,76.0,-13.15789473684211
23,DUO_SUPPORT,Blitzcrank vs Galio,103.0,13.10679611650486
24,JUNGLE,Graves vs Twitch,254.0,-12.99212598425197
25,TOP,Nautilus vs Yasuo,186.0,-12.903225806451616
26,MID,Ahri vs Ezreal,172.0,12.790697674418603
27,JUNGLE,Nidalee vs Sejuani,83.0,-12.650602409638559
28,MID,Karthus vs Syndra,83.0,-12.650602409638559
29,DUO_CARRY,Kalista vs KogMaw,115.0,-12.608695652173914
30,MID,Ezreal vs Syndra,80.0,-12.5
31,TOP,Sion vs Yasuo,112.0,-12.5
32,JUNGLE,Elise vs Volibear,88.0,12.5
33,TOP,Pantheon vs Poppy,93.0,-12.365591397849464
34,TOP,Camille vs Gragas,77.0,12.337662337662337
35,MID,Cassiopeia vs Viktor,82.0,12.195121951219512
36,JUNGLE,Ivern vs KhaZix,367.0,12.125340599455036
37,DUO_SUPPORT,Leona vs VelKoz,124.0,12.096774193548384
38,JUNGLE,Nunu vs Zac,116.0,12.06896551724138
39,MID,Anivia vs Ryze,79.0,12.0253164556962
40,JUNGLE,Hecarim vs Udyr,100.0,12.0
41,MID,Veigar vs Xerath,142.0,-11.971830985915496
42,MID,Ryze vs Veigar,110.0,-11.818181818181813
43,JUNGLE,Ivern vs Nocturne,81.0,11.728395061728392
44,MID,Karthus vs Lux,109.0,-11.467889908256879
45,JUNGLE,Rengar vs Zac,140.0,-11.428571428571423
46,TOP,ChoGath vs Fiora,127.0,-11.417322834645674
47,TOP,Kennen vs Kled,114.0,-11.403508771929829
48,TOP,Jax vs Singed,75.0,-11.333333333333336
49,TOP,Gnar vs Kennen,124.0,-11.29032258064516
50,JUNGLE,Ivern vs Udyr,80.0,11.250000000000007
51,TOP,Camille vs Kled,85.0,-11.17647058823529
52,TOP,Darius vs Poppy,193.0,11.139896373056992
53,MID,Akali vs Anivia,90.0,-11.111111111111107
54,TOP,Gragas vs Yasuo,239.0,-11.087866108786606
55,MID,Karthus vs Yasuo,77.0,11.038961038961034
56,TOP,Kayle vs Tryndamere,82.0,-10.975609756097562
57,MID,Ekko vs Morgana,82.0,-10.975609756097562
58,JUNGLE,Udyr vs Warwick,187.0,-10.962566844919785
59,JUNGLE,Rengar vs Sejuani,130.0,-10.769230769230766
60,JUNGLE,Malphite vs Master Yi,79.0,-10.75949367088608
61,DUO_SUPPORT,Tahm Kench vs Zyra,84.0,-10.714285714285715
62,TOP,Kennen vs Nasus,117.0,-10.683760683760681
63,MID,Ryze vs Yasuo,117.0,-10.683760683760681
64,TOP,Swain vs Tryndamere,122.0,-10.655737704918032
65,MID,Kassadin vs Lucian,94.0,-10.638297872340424
66,MID,Karthus vs Zed,99.0,10.606060606060609
67,MID,Lux vs Ryze,165.0,10.606060606060609
68,TOP,Camille vs Irelia,104.0,-10.57692307692308
69,JUNGLE,Ivern vs Shaco,175.0,10.571428571428577
70,MID,Orianna vs Ryze,271.0,10.516605166051662
71,TOP,Galio vs Malphite,119.0,10.504201680672267
72,DUO_CARRY,Ezreal vs Graves,81.0,-10.49382716049383
73,TOP,Tryndamere vs Vladimir,124.0,10.483870967741936
74,DUO_SUPPORT,Brand vs Lux,149.0,10.402684563758392
75,TOP,ChoGath vs Yasuo,116.0,-10.344827586206897
76,TOP,Poppy vs Yasuo,174.0,-10.344827586206897
77,MID,Talon vs Yasuo,199.0,-10.301507537688444
78,MID,Gangplank vs Zed,136.0,10.294117647058819
79,TOP,Pantheon vs Shen,141.0,10.283687943262407
80,JUNGLE,Tryndamere vs Warwick,88.0,-10.227272727272727
81,JUNGLE,Ivern vs Xin Zhao,188.0,10.106382978723403
82,MID,Ahri vs LeBlanc,1070.0,10.09345794392523
83,TOP,Darius vs Gragas,298.0,10.06711409395973
84,TOP,Gangplank vs Jarvan IV,85.0,-10.0
85,TOP,Garen vs Yorick,85.0,-10.0
86,DUO_SUPPORT,Soraka vs Tahm Kench,85.0,10.0
87,DUO_SUPPORT,Fiddlesticks vs Lulu,90.0,10.0
88,DUO_SUPPORT,Alistar vs Soraka,232.0,-9.913793103448278
89,JUNGLE,Amumu vs Elise,339.0,9.882005899705014
90,DUO_SUPPORT,Rakan vs Soraka,750.0,-9.866666666666667
91,TOP,Darius vs Vladimir,184.0,9.782608695652172
92,JUNGLE,Elise vs Nidalee,169.0,9.76331360946746
93,MID,Cassiopeia vs Ekko,164.0,9.756097560975604
94,TOP,Gragas vs Teemo,164.0,-9.756097560975604
95,DUO_CARRY,Graves vs Vayne,149.0,-9.731543624161077
96,MID,Viktor vs Ziggs,119.0,-9.663865546218489
97,MID,Katarina vs Ryze,104.0,9.615384615384613
98,TOP,Tryndamere vs Wukong,99.0,9.595959595959592
99,MID,Cassiopeia vs Twisted Fate,94.0,-9.574468085106389
100,TOP,Swain vs Vladimir,89.0,9.550561797752813
101,MID,Lux vs Xerath,301.0,-9.46843853820598
102,TOP,Fiora vs Swain,180.0,-9.444444444444443
103,DUO_SUPPORT,Lux vs Nami,202.0,-9.405940594059402
104,TOP,DrMundo vs Tryndamere,96.0,-9.375
105,DUO_SUPPORT,Annie vs Blitzcrank,150.0,-9.333333333333336
106,JUNGLE,Evelynn vs Ivern,145.0,-9.310344827586206
107,JUNGLE,Hecarim vs Nidalee,81.0,9.259259259259252
108,TOP,Garen vs Shen,130.0,9.230769230769234
109,MID,Heimerdinger vs Zed,76.0,9.210526315789465
110,DUO_CARRY,Sivir vs Twitch,201.0,-9.203980099502488
111,JUNGLE,Elise vs Olaf,98.0,9.183673469387756
112,DUO_SUPPORT,Fiddlesticks vs Rakan,98.0,9.183673469387756
113,TOP,Fiora vs Kled,377.0,9.15119363395226
114,MID,Anivia vs Lux,345.0,9.130434782608695
115,JUNGLE,Evelynn vs Nocturne,88.0,-9.090909090909086
116,MID,Diana vs LeBlanc,88.0,-9.090909090909086
117,TOP,Poppy vs Teemo,105.0,-9.047619047619051
118,TOP,Malphite vs Nasus,188.0,9.042553191489368
119,DUO_SUPPORT,Braum vs Maokai,205.0,-9.024390243902438
120,JUNGLE,Gragas vs Jax,205.0,-9.024390243902438
121,MID,Ezreal vs Lux,122.0,-9.016393442622949
122,MID,Kayle vs Zed,161.0,9.006211180124225
123,TOP,Gragas vs Jax,178.0,-8.98876404494382
124,JUNGLE,Amumu vs Ivern,234.0,-8.974358974358978
125,MID,Diana vs Twisted Fate,78.0,-8.974358974358978
126,MID,Ahri vs Kayle,95.0,8.947368421052623
127,MID,Annie vs Cassiopeia,146.0,8.904109589041099
128,TOP,Illaoi vs Rumble,90.0,8.888888888888893
129,MID,Anivia vs Viktor,107.0,8.878504672897193
130,MID,Ahri vs Zilean,175.0,-8.857142857142861
131,TOP,Camille vs Jax,119.0,-8.82352941176471
132,JUNGLE,Diana vs Master Yi,102.0,-8.82352941176471
133,MID,Ahri vs Heimerdinger,131.0,8.778625954198475
134,DUO_SUPPORT,Poppy vs Thresh,114.0,-8.771929824561404
135,JUNGLE,Lee Sin vs Yasuo,80.0,8.75
136,TOP,Fiora vs Pantheon,465.0,-8.70967741935484
137,TOP,Pantheon vs Vladimir,92.0,8.695652173913047
138,MID,Azir vs Veigar,75.0,-8.666666666666664
139,TOP,Olaf vs Tryndamere,75.0,-8.666666666666664
140,TOP,Fizz vs Swain,75.0,-8.666666666666664
141,TOP,DrMundo vs Yasuo,104.0,-8.653846153846153
142,JUNGLE,Sejuani vs Twitch,104.0,-8.653846153846153
143,MID,VelKoz vs Vladimir,99.0,-8.585858585858588
144,DUO_SUPPORT,Blitzcrank vs Lux,287.0,8.536585365853654
145,JUNGLE,Ivern vs Rengar,123.0,8.536585365853654
146,JUNGLE,Ivern vs Nunu,94.0,8.51063829787234
147,JUNGLE,Elise vs Rengar,212.0,8.490566037735846
148,DUO_SUPPORT,Nami vs Rakan,893.0,8.454647256438975
149,JUNGLE,Nunu vs Xin Zhao,77.0,8.441558441558442
150,MID,Ekko vs Swain,77.0,-8.441558441558442
151,JUNGLE,Hecarim vs Maokai,77.0,-8.441558441558442
152,JUNGLE,Sejuani vs Volibear,89.0,8.426966292134829
153,MID,Ahri vs Jayce,190.0,8.421052631578952
154,DUO_SUPPORT,Soraka vs Zilean,137.0,-8.394160583941606
155,DUO_SUPPORT,Annie vs Rakan,144.0,8.333333333333336
156,MID,Kayle vs Yasuo,84.0,8.333333333333336
157,DUO_SUPPORT,Thresh vs Veigar,168.0,8.333333333333336
158,MID,Ezreal vs Orianna,120.0,-8.333333333333329
159,TOP,Nasus vs Singed,96.0,-8.333333333333329
160,TOP,Malphite vs Teemo,156.0,-8.333333333333329
161,TOP,Aatrox vs Teemo,84.0,-8.333333333333329
162,TOP,Darius vs Quinn,96.0,-8.333333333333329
163,TOP,Galio vs Kennen,139.0,8.273381294964032
164,TOP,Riven vs Vladimir,206.0,8.252427184466015
165,MID,Taliyah vs VelKoz,91.0,-8.241758241758241
166,TOP,Gangplank vs Yasuo,498.0,-8.23293172690763
167,TOP,Aatrox vs Gangplank,79.0,8.22784810126582
168,TOP,Camille vs Yasuo,146.0,-8.219178082191782
169,MID,Azir vs Orianna,213.0,-8.21596244131456
170,MID,Ekko vs Lissandra,98.0,8.163265306122447
171,JUNGLE,Nocturne vs Rengar,98.0,-8.163265306122447
172,JUNGLE,Amumu vs Rengar,196.0,8.163265306122447
173,TOP,Renekton vs Vayne,98.0,8.163265306122447
174,MID,Katarina vs Viktor,141.0,8.156028368794324
175,TOP,Gnar vs Yasuo,184.0,-8.152173913043477
176,DUO_CARRY,KogMaw vs Twitch,320.0,-8.125
177,TOP,Aatrox vs Yasuo,117.0,8.119658119658126
178,DUO_SUPPORT,Galio vs Lulu,105.0,-8.095238095238095
179,DUO_SUPPORT,Brand vs Maokai,167.0,8.083832335329348
180,MID,Ekko vs Viktor,186.0,8.064516129032263
181,MID,Ahri vs Corki,100.0,7.999999999999993
182,TOP,Kennen vs Shen,119.0,7.9831932773109315
183,DUO_SUPPORT,Alistar vs Nautilus,138.0,7.971014492753625
184,MID,Cassiopeia vs Ziggs,88.0,-7.954545454545453
185,MID,Ahri vs Taliyah,459.0,7.952069716775597
186,MID,Twisted Fate vs Vladimir,126.0,7.936507936507944
187,MID,Annie vs Ekko,304.0,7.894736842105267
188,MID,Ryze vs Syndra,152.0,-7.894736842105267
189,JUNGLE,Jax vs Rengar,121.0,7.851239669421481
190,MID,Ahri vs Azir,268.0,7.835820895522382
191,JUNGLE,Volibear vs Zac,83.0,7.831325301204814
192,MID,Talon vs Twisted Fate,109.0,-7.798165137614674
193,MID,Brand vs LeBlanc,116.0,7.758620689655174
194,TOP,Illaoi vs Shen,116.0,7.758620689655174
195,DUO_SUPPORT,Maokai vs Rakan,291.0,7.731958762886592
196,TOP,Kennen vs Malphite,97.0,7.731958762886592
197,TOP,Maokai vs Renekton,149.0,-7.718120805369125
198,TOP,Gnar vs Nasus,149.0,-7.718120805369125
199,JUNGLE,Ivern vs Nidalee,78.0,7.692307692307686
200,TOP,Maokai vs Riven,163.0,-7.668711656441715
201,TOP,Gangplank vs Poppy,137.0,7.6642335766423315
202,MID,Aurelion Sol vs Zed,85.0,7.647058823529406
203,DUO_SUPPORT,Alistar vs Bard,229.0,-7.641921397379917
204,MID,Annie vs Twisted Fate,203.0,7.635467980295566
205,MID,LeBlanc vs Yasuo,321.0,-7.63239875389408
206,TOP,Jax vs Pantheon,191.0,-7.591623036649217
207,TOP,Gnar vs Malphite,99.0,-7.575757575757578
208,DUO_SUPPORT,Nami vs Zilean,172.0,-7.558139534883722
209,MID,Anivia vs Kassadin,259.0,7.528957528957527
210,TOP,Darius vs Nasus,419.0,7.517899761336508
211,JUNGLE,Master Yi vs Rengar,393.0,7.506361323155218
212,JUNGLE,Gragas vs Volibear,80.0,-7.5
213,TOP,Malphite vs Poppy,80.0,7.499999999999993
214,MID,Anivia vs LeBlanc,160.0,7.499999999999993
215,JUNGLE,Ivern vs Warwick,334.0,7.485029940119759
216,MID,Cassiopeia vs VelKoz,94.0,-7.446808510638299
217,MID,Annie vs Vladimir,148.0,7.432432432432435
218,TOP,Gragas vs Nasus,101.0,-7.425742574257427
219,DUO_SUPPORT,Lulu vs Malzahar,155.0,7.41935483870968
220,DUO_SUPPORT,Karma vs Maokai,378.0,-7.407407407407405
221,JUNGLE,Amumu vs Nidalee,115.0,7.391304347826086
222,MID,Kayle vs Lux,75.0,-7.333333333333329
223,JUNGLE,Evelynn vs Jax,150.0,-7.333333333333329
224,MID,Akali vs Orianna,321.0,-7.320872274143305
225,MID,Annie vs Fizz,431.0,7.308584686774942
226,DUO_CARRY,Jhin vs KogMaw,206.0,-7.281553398058257
227,DUO_SUPPORT,Soraka vs VelKoz,110.0,7.272727272727273
228,DUO_SUPPORT,Karma vs Lux,220.0,7.272727272727273
229,DUO_SUPPORT,Leona vs Rakan,901.0,7.269700332963367
230,MID,Annie vs LeBlanc,255.0,7.254901960784309
231,MID,Morgana vs Zed,131.0,7.251908396946561
232,TOP,Shen vs Yasuo,294.0,-7.142857142857146
233,DUO_SUPPORT,Annie vs Janna,147.0,-7.142857142857146
234,JUNGLE,Olaf vs Xin Zhao,77.0,-7.142857142857146
235,DUO_SUPPORT,Alistar vs Janna,497.0,-7.142857142857146
236,JUNGLE,KhaZix vs Rammus,175.0,-7.142857142857146
237,MID,Zed vs Zilean,84.0,7.142857142857139
238,MID,Lissandra vs Syndra,84.0,7.142857142857139
239,TOP,Akali vs Fiora,168.0,7.142857142857139
240,MID,Akali vs Kassadin,184.0,-7.065217391304344
241,TOP,Jax vs Jayce,156.0,7.051282051282051
242,TOP,Gragas vs Shen,149.0,-7.04697986577181
243,TOP,Ekko vs Yasuo,135.0,-7.037037037037038
244,JUNGLE,Rengar vs Warwick,256.0,-7.03125
245,MID,Ahri vs Diana,370.0,7.0270270270270245
246,JUNGLE,Hecarim vs Zac,228.0,-7.017543859649123
247,MID,LeBlanc vs Xerath,114.0,-7.017543859649123
248,JUNGLE,Nidalee vs Xin Zhao,107.0,-7.009345794392523
249,TOP,Gnar vs Riven,207.0,-7.0048309178743935
250,TOP,Kled vs Nasus,158.0,6.962025316455701
251,JUNGLE,KhaZix vs Tryndamere,79.0,-6.962025316455694
252,DUO_SUPPORT,Bard vs Zilean,130.0,-6.92307692307692
253,TOP,Kennen vs Tryndamere,167.0,-6.886227544910177
254,DUO_CARRY,Ezreal vs Vayne,1976.0,-6.882591093117405
255,TOP,Galio vs Kled,160.0,-6.875
256,TOP,Galio vs Teemo,211.0,-6.872037914691944
257,DUO_SUPPORT,Malzahar vs Rakan,146.0,-6.849315068493148
258,DUO_SUPPORT,Bard vs Taric,88.0,6.81818181818182
259,JUNGLE,Rammus vs Warwick,169.0,-6.80473372781065
260,TOP,DrMundo vs Jax,81.0,-6.790123456790127
261,TOP,Darius vs Vayne,81.0,-6.790123456790127
262,MID,LeBlanc vs Morgana,118.0,-6.779661016949149
263,MID,LeBlanc vs Viktor,141.0,-6.737588652482266
264,DUO_CARRY,Jhin vs Twitch,550.0,-6.727272727272727
265,JUNGLE,Jax vs Sejuani,201.0,-6.716417910447767
266,MID,Cassiopeia vs Yasuo,164.0,-6.707317073170735
267,JUNGLE,Ivern vs Jarvan IV,97.0,-6.701030927835049
268,TOP,Xin Zhao vs Yasuo,97.0,-6.701030927835049
269,DUO_CARRY,Ezreal vs Miss Fortune,769.0,-6.697009102730817
270,JUNGLE,Lee Sin vs Nunu,621.0,-6.68276972624799
271,TOP,Irelia vs Teemo,217.0,6.682027649769587
272,JUNGLE,Ivern vs Zac,210.0,6.666666666666664
273,TOP,Akali vs Gangplank,120.0,6.666666666666664
274,TOP,Maokai vs Tryndamere,90.0,-6.666666666666664
275,DUO_SUPPORT,Bard vs Braum,390.0,6.666666666666664
276,TOP,Jax vs Malphite,233.0,-6.6523605150214635
277,JUNGLE,Amumu vs Nunu,113.0,6.637168141592923
278,TOP,Darius vs Singed,113.0,6.637168141592923
279,MID,Brand vs Vladimir,83.0,6.626506024096393
280,TOP,Garen vs Swain,76.0,-6.578947368421048
281,MID,Kassadin vs Malzahar,76.0,6.578947368421048
282,TOP,Shen vs Wukong,76.0,-6.578947368421048
283,MID,Ahri vs Aurelion Sol,175.0,6.571428571428569
284,TOP,Teemo vs Tryndamere,412.0,6.5533980582524265
285,MID,Ahri vs Katarina,992.0,6.552419354838712
286,MID,Anivia vs Katarina,168.0,6.547619047619044
287,MID,Anivia vs Zed,336.0,6.547619047619044
288,MID,Annie vs Zed,490.0,6.530612244897959
289,DUO_SUPPORT,Bard vs Rakan,697.0,6.52797704447633
290,DUO_CARRY,Ezreal vs Twitch,927.0,-6.526429341963322
291,MID,Akali vs Brand,92.0,-6.521739130434781
292,MID,Jayce vs Yasuo,92.0,-6.521739130434781
293,TOP,Nasus vs Rumble,138.0,6.521739130434781
294,TOP,Riven vs Xin Zhao,92.0,-6.521739130434781
295,TOP,Camille vs Fiora,207.0,-6.521739130434781
296,TOP,Jayce vs Kled,115.0,6.521739130434781
297,MID,Anivia vs Vladimir,131.0,6.488549618320619
298,DUO_SUPPORT,Bard vs Lux,131.0,-6.4885496183206115
299,MID,Fizz vs Malzahar,108.0,6.481481481481474
300,TOP,Renekton vs Teemo,363.0,-6.473829201101928
301,JUNGLE,KhaZix vs RekSai,85.0,-6.470588235294116
302,MID,Fizz vs Xerath,170.0,6.470588235294116
303,TOP,Jax vs Wukong,85.0,-6.470588235294116
304,JUNGLE,Nunu vs Warwick,147.0,6.4625850340136
305,TOP,Renekton vs Yorick,163.0,6.441717791411037
306,TOP,Ekko vs Irelia,101.0,-6.4356435643564325
307,TOP,Nasus vs Pantheon,179.0,-6.424581005586596
308,JUNGLE,KhaZix vs Shyvana,172.0,-6.395348837209305
309,JUNGLE,Gragas vs Nunu,133.0,-6.3909774436090245
310,DUO_SUPPORT,Rakan vs Sona,759.0,-6.389986824769437
311,DUO_SUPPORT,Bard vs VelKoz,94.0,-6.38297872340425
312,TOP,Sion vs Tryndamere,94.0,-6.38297872340425
313,JUNGLE,Nidalee vs Shaco,94.0,6.38297872340425
314,MID,Yasuo vs Ziggs,181.0,-6.353591160220994
315,TOP,ChoGath vs Tryndamere,126.0,-6.349206349206348
316,JUNGLE,Nocturne vs Warwick,229.0,-6.331877729257641
317,TOP,Teemo vs Vladimir,158.0,-6.329113924050631
318,JUNGLE,Aatrox vs Lee Sin,158.0,6.329113924050631
319,JUNGLE,Evelynn vs Twitch,103.0,6.310679611650485
320,TOP,Pantheon vs Tryndamere,222.0,6.306306306306311
321,DUO_CARRY,Ezreal vs Sivir,341.0,-6.3049853372434015
322,DUO_SUPPORT,Nami vs Tahm Kench,119.0,6.30252100840336
323,TOP,Illaoi vs Kled,119.0,6.30252100840336
324,TOP,Ekko vs Riven,135.0,-6.296296296296298
325,DUO_SUPPORT,Lulu vs Rakan,1322.0,6.278366111951584
326,TOP,Garen vs Irelia,231.0,6.277056277056282
327,DUO_CARRY,Jhin vs Varus,279.0,-6.272401433691755
328,MID,LeBlanc vs VelKoz,160.0,-6.25
329,DUO_SUPPORT,Alistar vs Tahm Kench,80.0,6.25
330,MID,LeBlanc vs Ryze,96.0,6.25
331,DUO_SUPPORT,Janna vs Rakan,1323.0,6.235827664399096
332,DUO_SUPPORT,Lulu vs Nautilus,306.0,6.209150326797385
333,TOP,Wukong vs Yasuo,137.0,6.2043795620437905
334,JUNGLE,Shaco vs Zac,194.0,6.185567010309278
335,TOP,Akali vs Nasus,89.0,6.17977528089888
336,DUO_SUPPORT,Rakan vs Taric,178.0,-6.179775280898873
337,TOP,Olaf vs Yasuo,89.0,-6.179775280898873
338,DUO_CARRY,Jinx vs KogMaw,438.0,-6.164383561643838
339,TOP,Nasus vs Renekton,367.0,-6.130790190735695
340,TOP,Singed vs Yasuo,98.0,-6.122448979591837
341,JUNGLE,Graves vs RekSai,98.0,6.12244897959183
342,JUNGLE,KhaZix vs Volibear,139.0,-6.115107913669064
343,MID,Annie vs Yasuo,344.0,6.104651162790695
344,TOP,Fizz vs Rumble,82.0,6.09756097560976
345,TOP,Aatrox vs Fiora,123.0,6.09756097560976
346,MID,Katarina vs Morgana,82.0,6.09756097560976
347,DUO_SUPPORT,Nami vs Sona,656.0,-6.097560975609753
348,TOP,Jarvan IV vs Yasuo,82.0,-6.097560975609753
349,MID,Kassadin vs VelKoz,214.0,-6.074766355140184
350,JUNGLE,Gragas vs Shyvana,132.0,6.060606060606055
351,TOP,Irelia vs Shen,223.0,-6.053811659192824
352,JUNGLE,Gragas vs Maokai,91.0,-6.043956043956044
353,TOP,Aatrox vs Tryndamere,91.0,-6.043956043956044
354,DUO_SUPPORT,Lux vs Soraka,207.0,-6.038647342995169
355,TOP,Gragas vs Pantheon,116.0,-6.03448275862069
356,JUNGLE,Graves vs Wukong,141.0,6.028368794326241
357,JUNGLE,Nocturne vs Xin Zhao,166.0,-6.0240963855421725
358,DUO_CARRY,Graves vs Tristana,75.0,6.000000000000007
359,DUO_CARRY,Kalista vs Sivir,100.0,6.000000000000007
360,DUO_SUPPORT,Annie vs Nami,100.0,-6.0
361,MID,Gangplank vs VelKoz,75.0,-6.0
362,JUNGLE,Pantheon vs Xin Zhao,75.0,-6.0
363,JUNGLE,Akali vs Lee Sin,75.0,-6.0
364,DUO_SUPPORT,Morgana vs Sona,593.0,-5.9865092748735265
365,DUO_SUPPORT,Sona vs Zyra,368.0,5.978260869565219
366,JUNGLE,Elise vs Shaco,293.0,-5.972696245733786
367,DUO_SUPPORT,Janna vs Malzahar,134.0,5.970149253731336
368,MID,Jayce vs Orianna,134.0,5.970149253731336
369,DUO_SUPPORT,Janna vs Taric,193.0,5.958549222797927
370,TOP,Illaoi vs Kennen,84.0,-5.952380952380956
371,TOP,Nasus vs Wukong,84.0,5.952380952380956
372,MID,Fizz vs Taliyah,143.0,5.944055944055947
373,TOP,Fizz vs Riven,295.0,-5.932203389830512
374,JUNGLE,Nidalee vs Warwick,152.0,-5.921052631578952
375,MID,Kassadin vs Twisted Fate,304.0,5.921052631578952
376,JUNGLE,Hecarim vs Ivern,161.0,-5.900621118012424
377,TOP,Shen vs Vladimir,102.0,5.882352941176471
378,JUNGLE,Master Yi vs Skarner,102.0,-5.882352941176471
379,TOP,Gragas vs Jayce,136.0,5.882352941176471
380,JUNGLE,Maokai vs Xin Zhao,77.0,-5.844155844155843
381,DUO_CARRY,Draven vs Varus,446.0,5.82959641255605
382,TOP,Fizz vs Pantheon,86.0,5.813953488372093
383,JUNGLE,Volibear vs Xin Zhao,129.0,-5.813953488372093
384,JUNGLE,Evelynn vs Master Yi,387.0,-5.813953488372093
385,TOP,Garen vs Rumble,86.0,-5.813953488372093
386,MID,Cassiopeia vs LeBlanc,129.0,5.813953488372093
387,JUNGLE,Maokai vs Sejuani,95.0,-5.789473684210527
388,DUO_CARRY,Corki vs Vayne,95.0,5.78947368421052
389,TOP,Kled vs Yasuo,260.0,-5.769230769230774
390,TOP,Darius vs Galio,330.0,5.757575757575765
391,MID,Annie vs Kassadin,348.0,5.747126436781613
392,JUNGLE,Hecarim vs Rengar,140.0,5.714285714285715
393,JUNGLE,Evelynn vs Rammus,79.0,-5.696202531645575
394,TOP,Gnar vs Vladimir,79.0,5.696202531645568
395,MID,Morgana vs Veigar,88.0,5.68181818181818
396,JUNGLE,Master Yi vs Volibear,203.0,-5.665024630541872
397,DUO_CARRY,Corki vs Jinx,106.0,-5.660377358490564
398,TOP,ChoGath vs Gangplank,124.0,-5.645161290322584
399,DUO_CARRY,Draven vs Ezreal,1152.0,5.642361111111114
400,MID,Ahri vs Lucian,151.0,5.6291390728476784
401,JUNGLE,Volibear vs Warwick,160.0,-5.625
402,JUNGLE,Amumu vs Lee Sin,1805.0,5.623268698060947
403,DUO_CARRY,Miss Fortune vs Varus,338.0,5.621301775147927
404,DUO_SUPPORT,Braum vs Lux,178.0,5.617977528089888
405,DUO_SUPPORT,Karma vs Sona,651.0,-5.6067588325652835
406,DUO_SUPPORT,Nautilus vs Sona,223.0,-5.605381165919283
407,MID,Akali vs Lux,268.0,-5.597014925373131
408,TOP,Pantheon vs Teemo,286.0,5.594405594405593
409,DUO_SUPPORT,Karma vs Leona,592.0,-5.574324324324323
410,MID,Ahri vs Zed,1832.0,5.567685589519655
411,TOP,Irelia vs Yorick,99.0,5.555555555555557
412,MID,Gangplank vs Kassadin,117.0,-5.555555555555557
413,TOP,Fizz vs Tryndamere,144.0,-5.555555555555557
414,MID,Anivia vs Brand,99.0,5.555555555555557
415,TOP,Nasus vs Nautilus,90.0,-5.555555555555557
416,JUNGLE,Rengar vs Vi,198.0,-5.555555555555557
417,TOP,Fiora vs Gnar,261.0,5.555555555555557
418,MID,Ekko vs Zed,834.0,5.515587529976017
419,DUO_SUPPORT,Lulu vs Zilean,254.0,-5.511811023622052
420,MID,Kassadin vs Katarina,418.0,5.502392344497608
421,MID,Ahri vs Gangplank,355.0,5.492957746478879
422,JUNGLE,KhaZix vs Rengar,355.0,5.492957746478879
423,DUO_CARRY,Ezreal vs Jinx,1534.0,-5.47588005215124
424,TOP,Gangplank vs Swain,128.0,5.46875
425,MID,Anivia vs Cassiopeia,110.0,5.454545454545453
426,DUO_SUPPORT,Janna vs Nautilus,312.0,5.448717948717949
427,JUNGLE,Nunu vs Shaco,92.0,-5.434782608695656
428,TOP,Kennen vs Nautilus,83.0,5.421686746987952
429,TOP,Gragas vs Illaoi,83.0,-5.421686746987952
430,TOP,Gangplank vs Gnar,166.0,5.421686746987952
431,TOP,Garen vs Gnar,148.0,-5.4054054054054035
432,TOP,Aatrox vs Riven,139.0,-5.39568345323741
433,MID,Ekko vs Fizz,556.0,5.39568345323741
434,JUNGLE,Gragas vs Nocturne,139.0,-5.39568345323741
435,TOP,Garen vs Jayce,130.0,5.384615384615387
436,DUO_CARRY,KogMaw vs Vayne,540.0,5.370370370370367
437,TOP,Galio vs Gragas,159.0,5.3459119496855365
438,DUO_SUPPORT,Alistar vs Rakan,459.0,5.337690631808279
439,DUO_SUPPORT,Bard vs Nautilus,150.0,-5.333333333333336
440,DUO_SUPPORT,Blitzcrank vs VelKoz,188.0,5.319148936170215
441,JUNGLE,Kayle vs Lee Sin,94.0,-5.319148936170215
442,JUNGLE,Udyr vs Vi,132.0,-5.3030303030303045
443,DUO_CARRY,Graves vs Sivir,85.0,-5.294117647058819
444,JUNGLE,Master Yi vs Nidalee,199.0,5.276381909547737
445,TOP,Akali vs Darius,152.0,5.26315789473685
446,JUNGLE,Graves vs Pantheon,76.0,5.26315789473685
447,JUNGLE,Ekko vs Master Yi,76.0,-5.2631578947368425
448,MID,Veigar vs Ziggs,190.0,-5.2631578947368425
449,JUNGLE,Graves vs Nunu,219.0,-5.25114155251142
450,MID,Xerath vs Yasuo,181.0,5.248618784530393
451,DUO_CARRY,Ezreal vs KogMaw,362.0,-5.248618784530386
452,DUO_SUPPORT,Blitzcrank vs Zyra,496.0,5.241935483870961
453,DUO_CARRY,Draven vs Jhin,592.0,5.236486486486491
454,DUO_SUPPORT,Janna vs Morgana,1023.0,5.229716520039098
455,MID,Ahri vs Xerath,507.0,-5.226824457593686
456,MID,Ekko vs VelKoz,201.0,-5.223880597014926
457,JUNGLE,Kindred vs Lee Sin,402.0,5.223880597014926
458,JUNGLE,Hecarim vs Jarvan IV,134.0,5.223880597014926
459,DUO_SUPPORT,Brand vs Braum,297.0,5.218855218855225
460,DUO_SUPPORT,VelKoz vs Zyra,96.0,5.208333333333336
461,MID,Fizz vs Zed,730.0,5.205479452054796
462,TOP,Gragas vs Nautilus,125.0,5.200000000000003
463,MID,Malzahar vs Zed,154.0,5.194805194805198
464,JUNGLE,Shaco vs Vi,270.0,5.185185185185183
465,MID,Annie vs Veigar,261.0,5.172413793103445
466,JUNGLE,Pantheon vs Warwick,87.0,5.172413793103445
467,MID,Gangplank vs Orianna,261.0,-5.172413793103445
468,JUNGLE,KhaZix vs Maokai,116.0,-5.172413793103445
469,DUO_CARRY,Ezreal vs Varus,455.0,-5.164835164835161
470,TOP,Darius vs DrMundo,165.0,5.151515151515149
471,MID,Ahri vs Brand,437.0,5.148741418764303
472,TOP,Ekko vs Fiora,136.0,-5.147058823529413
473,DUO_SUPPORT,Blitzcrank vs Karma,934.0,5.139186295503215
474,DUO_SUPPORT,Braum vs Nautilus,234.0,5.128205128205131
475,TOP,Olaf vs Pantheon,78.0,-5.128205128205124
476,MID,Anivia vs Annie,176.0,5.113636363636367
477,MID,Kassadin vs Morgana,98.0,-5.102040816326529
478,JUNGLE,Ekko vs Lee Sin,196.0,-5.102040816326529
479,TOP,Galio vs Gnar,98.0,5.102040816326522
480,TOP,Irelia vs Jax,305.0,-5.081967213114751
481,JUNGLE,Graves vs Olaf,138.0,-5.072463768115945
482,JUNGLE,Graves vs Jax,365.0,-5.06849315068493
483,TOP,Swain vs Teemo,158.0,5.063291139240512
484,MID,Syndra vs Zilean,89.0,-5.056179775280903
485,TOP,Akali vs Garen,89.0,-5.056179775280903
486,JUNGLE,Diana vs Warwick,89.0,-5.056179775280903
487,MID,Gangplank vs Veigar,89.0,5.056179775280903
488,TOP,Galio vs Riven,376.0,-5.053191489361701
489,MID,Katarina vs Lissandra,109.0,-5.045871559633028
490,MID,Ahri vs Viktor,625.0,5.039999999999999
491,TOP,Irelia vs Rumble,169.0,5.029585798816569
492,DUO_SUPPORT,Maokai vs Sona,189.0,-5.026455026455032
493,TOP,Riven vs Shen,369.0,5.0135501355013545
494,MID,Annie vs Talon,120.0,5.000000000000007
495,MID,LeBlanc vs Veigar,180.0,-5.0
496,MID,Ahri vs Ekko,1286.0,4.976671850699844
497,DUO_SUPPORT,Lulu vs Taric,191.0,4.973821989528794
498,JUNGLE,Jax vs Shyvana,111.0,4.954954954954957
499,TOP,Galio vs Tryndamere,222.0,-4.954954954954957
500,TOP,Malphite vs Vladimir,91.0,-4.945054945054942
501,DUO_CARRY,Jhin vs Tristana,324.0,-4.938271604938272
502,MID,Lux vs VelKoz,366.0,4.918032786885249
503,DUO_SUPPORT,Braum vs Karma,703.0,4.907539118065429
504,MID,Kassadin vs Zed,725.0,4.896551724137929
505,MID,Xerath vs Zed,235.0,4.893617021276597
506,DUO_SUPPORT,Sona vs VelKoz,133.0,4.887218045112782
507,MID,Akali vs Fizz,215.0,4.883720930232563
508,JUNGLE,Kindred vs Sejuani,82.0,4.878048780487809
509,TOP,Jayce vs Kayle,82.0,-4.878048780487802
510,DUO_SUPPORT,Fiddlesticks vs Janna,82.0,-4.878048780487802
511,DUO_SUPPORT,Teemo vs Thresh,113.0,-4.867256637168147
512,TOP,Jayce vs Rumble,144.0,-4.861111111111107
513,MID,Cassiopeia vs Lux,288.0,-4.861111111111107
514,DUO_CARRY,Tristana vs Twitch,463.0,-4.8596112311015105
515,MID,Ekko vs Vladimir,206.0,4.854368932038831
516,TOP,Gangplank vs Kennen,206.0,4.854368932038831
517,DUO_SUPPORT,Leona vs Lux,268.0,4.850746268656714
518,DUO_SUPPORT,Blitzcrank vs Lulu,1227.0,4.849225753871231
519,JUNGLE,Ivern vs Lee Sin,1238.0,4.846526655896611
520,TOP,Darius vs Swain,186.0,-4.838709677419359
521,TOP,Quinn vs Riven,93.0,-4.838709677419359
522,DUO_CARRY,Kalista vs Varus,124.0,-4.838709677419359
523,DUO_SUPPORT,Lux vs Zyra,155.0,-4.838709677419359
524,DUO_SUPPORT,Morgana vs Taric,155.0,4.838709677419352
525,MID,Azir vs Zed,135.0,-4.814814814814817
526,MID,Ekko vs Kassadin,489.0,-4.805725971370144
527,JUNGLE,Galio vs Lee Sin,199.0,4.773869346733676
528,DUO_CARRY,Miss Fortune vs Sivir,199.0,4.773869346733676
529,MID,Karma vs Orianna,199.0,-4.773869346733669
530,TOP,Pantheon vs Yasuo,252.0,4.761904761904766
531,DUO_SUPPORT,Sona vs Taric,126.0,-4.761904761904759
532,DUO_SUPPORT,Rakan vs VelKoz,168.0,-4.761904761904759
533,TOP,Nasus vs Teemo,305.0,-4.754098360655739
534,MID,Annie vs Brand,179.0,-4.748603351955303
535,TOP,DrMundo vs Fiora,137.0,-4.744525547445257
536,JUNGLE,Vi vs Wukong,95.0,4.736842105263165
537,JUNGLE,Jax vs Xin Zhao,380.0,-4.7368421052631575
538,JUNGLE,Elise vs Ivern,296.0,-4.729729729729733
539,TOP,Gangplank vs Irelia,371.0,-4.7169811320754675
540,DUO_CARRY,Sivir vs Tristana,223.0,4.708520179372201
541,JUNGLE,Twitch vs Zac,117.0,4.7008547008547055
542,MID,Ekko vs Gangplank,117.0,4.7008547008547055
543,MID,Ekko vs Talon,192.0,-4.6875
544,DUO_CARRY,Caitlyn vs Ezreal,4110.0,4.67153284671533
545,JUNGLE,Elise vs KhaZix,739.0,-4.668470906630581
546,DUO_SUPPORT,Lux vs Sona,225.0,-4.666666666666671
547,TOP,Gnar vs Tryndamere,150.0,-4.666666666666671
548,JUNGLE,Fiddlesticks vs Gragas,75.0,4.666666666666664
549,JUNGLE,Elise vs Vi,322.0,-4.658385093167702
550,DUO_SUPPORT,Annie vs Soraka,86.0,-4.651162790697676
551,MID,Katarina vs Vladimir,172.0,4.6511627906976685
552,MID,Cassiopeia vs Kassadin,194.0,-4.6391752577319565
553,TOP,Pantheon vs Swain,97.0,4.6391752577319565
554,MID,Syndra vs Yasuo,518.0,-4.633204633204635
555,MID,Orianna vs VelKoz,551.0,-4.6279491833030875
556,MID,Orianna vs Xerath,443.0,-4.627539503386004
557,TOP,Jax vs Nautilus,119.0,4.621848739495796
558,MID,Katarina vs Xerath,130.0,-4.615384615384613
559,JUNGLE,Lee Sin vs Shaco,1443.0,-4.608454608454608
560,MID,Syndra vs Ziggs,293.0,4.607508532423211
561,JUNGLE,Gragas vs Master Yi,568.0,-4.577464788732392
562,TOP,ChoGath vs Riven,176.0,-4.545454545454547
563,TOP,Jayce vs Yasuo,242.0,-4.545454545454547
564,DUO_CARRY,Lucian vs Ziggs,132.0,-4.545454545454547
565,JUNGLE,Elise vs Twitch,154.0,-4.545454545454547
566,JUNGLE,Amumu vs Fiddlesticks,121.0,-4.545454545454547
567,MID,Ryze vs Zed,165.0,-4.545454545454547
568,TOP,Irelia vs Kayle,88.0,-4.545454545454547
569,TOP,Garen vs Kayle,77.0,-4.545454545454547
570,TOP,Poppy vs Renekton,187.0,-4.545454545454547
571,DUO_CARRY,Caitlyn vs Graves,154.0,-4.545454545454547
572,MID,Kassadin vs Ziggs,187.0,-4.545454545454547
573,MID,Ahri vs Kennen,110.0,4.54545454545454
574,MID,Ahri vs Karma,297.0,4.54545454545454
575,MID,Orianna vs Vladimir,497.0,4.5271629778672065
576,DUO_CARRY,Jhin vs Miss Fortune,490.0,-4.489795918367342
577,DUO_SUPPORT,Bard vs Leona,435.0,-4.482758620689651
578,JUNGLE,Nocturne vs Zac,145.0,-4.482758620689651
579,TOP,Jayce vs Pantheon,145.0,-4.482758620689651
580,TOP,Gangplank vs Kayle,112.0,-4.464285714285715
581,TOP,Irelia vs Vladimir,112.0,4.464285714285708
582,TOP,Garen vs Poppy,101.0,4.455445544554458
583,MID,Annie vs Diana,90.0,-4.444444444444443
584,TOP,Garen vs Sion,79.0,-4.430379746835442
585,JUNGLE,Master Yi vs RekSai,79.0,4.430379746835442
586,JUNGLE,Rammus vs Xin Zhao,147.0,-4.42176870748299
587,DUO_CARRY,Jhin vs Sivir,193.0,-4.404145077720209
588,TOP,Renekton vs Singed,114.0,4.385964912280706
589,TOP,Kennen vs Yasuo,217.0,-4.377880184331794
590,DUO_CARRY,Ashe vs Sivir,377.0,4.37665782493368
591,TOP,Nasus vs Yasuo,320.0,-4.375
592,JUNGLE,Lee Sin vs Malphite,160.0,4.374999999999993
593,JUNGLE,Amumu vs Shyvana,160.0,4.374999999999993
594,MID,Cassiopeia vs Katarina,149.0,-4.3624161073825505
595,TOP,Fizz vs Jax,149.0,4.3624161073825505
596,JUNGLE,Amumu vs Evelynn,195.0,4.358974358974358
597,MID,Katarina vs Orianna,712.0,4.353932584269657
598,TOP,Nautilus vs Tryndamere,138.0,-4.347826086956523
599,JUNGLE,Evelynn vs Nidalee,92.0,4.347826086956516
600,MID,Swain vs Zed,138.0,4.347826086956516
601,MID,Ahri vs Cassiopeia,541.0,4.343807763401109
602,TOP,Darius vs Jayce,346.0,-4.3352601156069355
603,MID,Lux vs Talon,208.0,4.326923076923073
604,TOP,Irelia vs Wukong,81.0,4.320987654320987
605,MID,Zed vs Ziggs,278.0,-4.31654676258993
606,TOP,Fiora vs Trundle,116.0,-4.310344827586206
607,DUO_SUPPORT,Annie vs Lulu,151.0,-4.304635761589402
608,TOP,Fiora vs Yorick,151.0,-4.304635761589402
609,MID,Fizz vs LeBlanc,337.0,4.302670623145403
610,MID,Vladimir vs Zed,407.0,4.299754299754298
611,TOP,Gangplank vs Maokai,105.0,4.285714285714285
612,JUNGLE,KhaZix vs Nocturne,280.0,-4.285714285714285
613,TOP,Darius vs Malphite,304.0,4.276315789473685
614,JUNGLE,Lee Sin vs Tryndamere,269.0,-4.275092936802977
615,MID,Brand vs Zed,269.0,4.27509293680297
616,JUNGLE,Lee Sin vs Warwick,2602.0,-4.265949269792472
617,JUNGLE,Evelynn vs Warwick,282.0,-4.255319148936174
618,TOP,Illaoi vs Jayce,94.0,4.255319148936167
619,TOP,Garen vs Malphite,153.0,-4.2483660130718945
620,MID,VelKoz vs Zed,271.0,4.243542435424352
621,JUNGLE,KhaZix vs Olaf,118.0,-4.237288135593218
622,DUO_CARRY,KogMaw vs Varus,118.0,4.237288135593218
623,TOP,Darius vs Maokai,142.0,4.225352112676063
624,JUNGLE,Maokai vs Master Yi,142.0,-4.225352112676056
625,MID,Malzahar vs Yasuo,142.0,-4.225352112676056
626,TOP,Jayce vs Nautilus,83.0,-4.216867469879517
627,JUNGLE,Shyvana vs Xin Zhao,166.0,-4.216867469879517
628,TOP,DrMundo vs Nasus,83.0,4.216867469879517
629,DUO_CARRY,Lucian vs Quinn,83.0,4.216867469879517
630,JUNGLE,Gragas vs Udyr,107.0,-4.205607476635514
631,DUO_CARRY,Tristana vs Varus,214.0,-4.205607476635514
632,JUNGLE,Udyr vs Zac,107.0,-4.205607476635514
633,MID,Brand vs Viktor,107.0,-4.205607476635514
634,JUNGLE,Lee Sin vs Xin Zhao,1823.0,-4.196379594075701
635,TOP,Nautilus vs Renekton,227.0,4.185022026431717
636,MID,Lux vs Yasuo,550.0,-4.18181818181818
637,MID,Ahri vs Lissandra,299.0,4.180602006688957
638,DUO_CARRY,Caitlyn vs Kennen,120.0,-4.166666666666671
639,JUNGLE,KhaZix vs Vi,480.0,-4.166666666666671
640,MID,Brand vs VelKoz,96.0,-4.166666666666671
641,TOP,Garen vs Illaoi,144.0,-4.166666666666671
642,DUO_CARRY,Jhin vs Lucian,1828.0,-4.157549234135665
643,DUO_SUPPORT,Braum vs Janna,857.0,-4.142357059509919
644,MID,Katarina vs VelKoz,157.0,4.140127388535028
645,TOP,Jax vs Yasuo,399.0,4.13533834586466
646,MID,Anivia vs Xerath,109.0,4.128440366972477
647,TOP,Jarvan IV vs Renekton,109.0,4.128440366972477
648,TOP,Camille vs Teemo,85.0,-4.117647058823529
649,JUNGLE,Gragas vs Sejuani,292.0,-4.109589041095887
650,DUO_SUPPORT,Alistar vs Sona,220.0,-4.090909090909086
651,MID,Karma vs Kassadin,98.0,4.081632653061227
652,MID,Annie vs Morgana,98.0,4.081632653061227
653,DUO_SUPPORT,Brand vs VelKoz,98.0,4.081632653061227
654,JUNGLE,Master Yi vs Rammus,344.0,4.0697674418604635
655,TOP,Illaoi vs Tryndamere,209.0,-4.066985645933016
656,JUNGLE,Shyvana vs Vi,148.0,4.054054054054056
657,TOP,Malphite vs Yasuo,296.0,-4.054054054054049
658,DUO_SUPPORT,Rakan vs Zilean,198.0,-4.0404040404040416
659,MID,Lux vs Zed,844.0,4.0284360189573505
660,DUO_SUPPORT,Karma vs VelKoz,174.0,-4.022988505747129
661,TOP,Fiora vs Xin Zhao,87.0,-4.022988505747129
662,MID,Kayle vs Orianna,87.0,-4.022988505747129
663,TOP,Poppy vs Shen,87.0,4.022988505747129
664,MID,Diana vs Orianna,224.0,-4.017857142857146
665,TOP,Gragas vs Kled,137.0,-4.0145985401459825
666,TOP,Kayle vs Yasuo,137.0,-4.0145985401459825
667,DUO_SUPPORT,Soraka vs Zyra,400.0,4.0
668,TOP,Shen vs Yorick,100.0,4.0
669,MID,Ahri vs Galio,150.0,4.0
670,TOP,Ekko vs Renekton,150.0,-4.0
671,DUO_SUPPORT,Nami vs VelKoz,163.0,-3.987730061349694
672,JUNGLE,Shaco vs Twitch,113.0,-3.9823008849557553
673,TOP,Gragas vs Rumble,113.0,-3.9823008849557553
674,MID,Kassadin vs Taliyah,176.0,3.9772727272727266
675,MID,Fizz vs Vladimir,239.0,3.97489539748954
676,MID,Diana vs Fizz,189.0,-3.9682539682539684
677,MID,Azir vs Kassadin,76.0,-3.94736842105263
678,JUNGLE,DrMundo vs Lee Sin,76.0,-3.94736842105263
679,TOP,Nautilus vs Rumble,76.0,3.94736842105263
680,JUNGLE,Jax vs Volibear,76.0,-3.94736842105263
681,MID,Katarina vs Zed,571.0,3.94045534150613
682,JUNGLE,Elise vs Maokai,89.0,3.932584269662918
683,DUO_CARRY,KogMaw vs Xayah,445.0,3.932584269662918
684,JUNGLE,Jax vs Twitch,89.0,-3.932584269662918
685,MID,Ahri vs Veigar,879.0,3.9249146757679227
686,DUO_CARRY,Jhin vs Jinx,816.0,-3.9215686274509807
687,MID,Anivia vs Ekko,204.0,3.9215686274509807
688,TOP,Illaoi vs Yasuo,204.0,-3.9215686274509807
689,JUNGLE,Elise vs Kindred,102.0,3.9215686274509807
690,DUO_SUPPORT,Bard vs Tahm Kench,102.0,3.9215686274509807
691,DUO_CARRY,Corki vs Ezreal,102.0,-3.9215686274509807
692,MID,Orianna vs Zed,1317.0,3.9104024297646163
693,TOP,Galio vs Rumble,128.0,3.90625
694,JUNGLE,Amumu vs Twitch,141.0,-3.9007092198581574
695,TOP,Aatrox vs Darius,141.0,3.9007092198581574
696,TOP,Kennen vs Teemo,167.0,-3.8922155688622695
697,DUO_SUPPORT,Janna vs Maokai,466.0,3.862660944206006
698,TOP,Kled vs Malphite,117.0,3.8461538461538467
699,JUNGLE,Rammus vs Zac,104.0,3.8461538461538467
700,TOP,Rumble vs Shen,130.0,-3.8461538461538467
701,JUNGLE,Jarvan IV vs Rengar,91.0,3.8461538461538467
702,TOP,Garen vs Gragas,91.0,3.8461538461538467
703,MID,Katarina vs Taliyah,117.0,-3.8461538461538467
704,MID,Taliyah vs Zed,182.0,3.8461538461538467
705,DUO_CARRY,Caitlyn vs Ziggs,130.0,-3.8461538461538467
706,TOP,Jax vs Renekton,472.0,3.813559322033896
707,DUO_SUPPORT,Blitzcrank vs Brand,472.0,3.813559322033896
708,TOP,Darius vs Yorick,236.0,3.813559322033896
709,MID,Ahri vs Fizz,1156.0,3.8062283737024245
710,JUNGLE,Master Yi vs Olaf,158.0,3.7974683544303787
711,TOP,Jax vs Rumble,158.0,3.7974683544303787
712,DUO_SUPPORT,Sion vs Thresh,106.0,3.7735849056603783
713,JUNGLE,Rammus vs Sejuani,106.0,-3.7735849056603783
714,JUNGLE,Graves vs Shyvana,199.0,-3.7688442211055246
715,MID,Kassadin vs Talon,279.0,-3.7634408602150557
716,MID,Gangplank vs Katarina,93.0,-3.7634408602150557
717,JUNGLE,Hecarim vs Jax,173.0,3.75722543352601
718,JUNGLE,Elise vs Evelynn,240.0,-3.75
719,TOP,Gragas vs Tryndamere,160.0,-3.75
720,MID,Lux vs Malzahar,134.0,-3.731343283582092
721,DUO_SUPPORT,Karma vs Malzahar,134.0,3.731343283582092
722,MID,Ahri vs Talon,432.0,3.7037037037037095
723,TOP,Gragas vs Renekton,311.0,-3.69774919614148
724,DUO_SUPPORT,Brand vs Nami,460.0,3.6956521739130466
725,DUO_SUPPORT,Fiddlesticks vs Thresh,149.0,-3.6912751677852356
726,DUO_SUPPORT,Lux vs Thresh,583.0,-3.6878216123499143
727,TOP,Fiora vs Jarvan IV,95.0,3.6842105263157876
728,TOP,Darius vs Heimerdinger,95.0,-3.6842105263157876
729,TOP,ChoGath vs Shen,95.0,-3.6842105263157876
730,TOP,Gangplank vs Gragas,231.0,3.6796536796536827
731,JUNGLE,Gragas vs Graves,598.0,3.678929765886288
732,JUNGLE,Master Yi vs Shyvana,272.0,3.67647058823529
733,TOP,Gangplank vs Wukong,136.0,-3.67647058823529
734,TOP,Jayce vs Kennen,177.0,3.672316384180796
735,MID,Ahri vs Akali,477.0,3.6687631027253715
736,JUNGLE,Lee Sin vs RekSai,300.0,3.6666666666666643
737,TOP,Ekko vs Garen,82.0,3.6585365853658587
738,MID,Twisted Fate vs Xerath,123.0,3.6585365853658587
739,DUO_SUPPORT,Blitzcrank vs Nami,861.0,3.6585365853658587
740,DUO_SUPPORT,Rakan vs Veigar,82.0,-3.6585365853658516
741,MID,Gangplank vs Yasuo,123.0,-3.6585365853658516
742,TOP,Singed vs Tryndamere,82.0,-3.6585365853658516
743,TOP,Fiora vs Garen,356.0,3.6516853932584326
744,DUO_CARRY,Caitlyn vs Jhin,2004.0,3.6427145708582884
745,JUNGLE,Twitch vs Vi,110.0,-3.6363636363636402
746,DUO_SUPPORT,Janna vs Leona,977.0,3.633572159672468
747,MID,Twisted Fate vs VelKoz,138.0,3.6231884057971087
748,TOP,Fizz vs Kled,138.0,-3.6231884057971016
749,JUNGLE,Fiddlesticks vs Warwick,138.0,-3.6231884057971016
750,DUO_SUPPORT,Leona vs Nautilus,304.0,3.6184210526315823
751,MID,Lissandra vs Orianna,166.0,-3.6144578313253035
752,MID,Fizz vs Lux,651.0,3.6098310291858695
753,MID,Taliyah vs Viktor,97.0,3.6082474226804138
754,JUNGLE,Olaf vs Warwick,125.0,-3.5999999999999943
755,TOP,Camille vs Gangplank,125.0,-3.5999999999999943
756,JUNGLE,Amumu vs Graves,528.0,3.5984848484848513
757,TOP,Renekton vs Wukong,153.0,3.594771241830067
758,TOP,Fiora vs Rumble,280.0,3.5714285714285694
759,TOP,Maokai vs Nasus,84.0,-3.5714285714285694
760,JUNGLE,Gragas vs Ivern,224.0,-3.5714285714285694
761,TOP,Jayce vs Renekton,267.0,3.5580524344569255
762,MID,Akali vs Katarina,183.0,3.5519125683060153
763,TOP,Fiora vs Malphite,366.0,-3.551912568306008
764,JUNGLE,Elise vs Warwick,508.0,-3.5433070866141705
765,MID,Gangplank vs Syndra,127.0,-3.5433070866141705
766,TOP,Nasus vs Riven,381.0,-3.5433070866141705
767,TOP,Nasus vs Yorick,99.0,-3.5353535353535364
768,MID,Ahri vs Ziggs,566.0,3.5335689045936434
769,TOP,Gragas vs Irelia,170.0,-3.529411764705884
770,DUO_CARRY,Kalista vs Vayne,525.0,-3.5238095238095255
771,JUNGLE,Lee Sin vs Rumble,142.0,3.5211267605633765
772,MID,Lux vs Viktor,327.0,3.5168195718654474
773,TOP,Jayce vs Riven,342.0,3.5087719298245617
774,TOP,Nautilus vs Pantheon,86.0,-3.4883720930232585
775,JUNGLE,Gragas vs Shaco,258.0,3.4883720930232514
776,JUNGLE,Master Yi vs Zac,516.0,3.4883720930232514
777,MID,Viktor vs Xerath,86.0,3.4883720930232514
778,TOP,Gnar vs Gragas,86.0,3.4883720930232514
779,MID,Brand vs Lux,316.0,-3.481012658227847
780,JUNGLE,Graves vs Warwick,776.0,-3.479381443298969
781,MID,Anivia vs Orianna,518.0,3.4749034749034777
782,DUO_SUPPORT,Braum vs Soraka,404.0,-3.465346534653463
783,DUO_SUPPORT,Nami vs Nautilus,232.0,3.448275862068961
784,JUNGLE,Elise vs Shyvana,131.0,-3.4351145038167914
785,TOP,Garen vs Kled,131.0,3.4351145038167914
786,TOP,Irelia vs Nautilus,131.0,3.4351145038167914
787,DUO_SUPPORT,Maokai vs Thresh,816.0,-3.4313725490196063
788,MID,Brand vs Syndra,219.0,3.4246575342465775
789,JUNGLE,Lee Sin vs Poppy,161.0,3.41614906832298
790,MID,Ahri vs Orianna,3110.0,3.4083601286173604
791,TOP,Irelia vs Pantheon,191.0,3.4031413612565444
792,TOP,Illaoi vs Pantheon,103.0,3.398058252427184
793,TOP,Malphite vs Nautilus,103.0,-3.398058252427184
794,TOP,Galio vs Pantheon,118.0,3.3898305084745814
795,TOP,Gragas vs Malphite,118.0,3.3898305084745814
796,JUNGLE,KhaZix vs Kindred,133.0,-3.383458646616546
797,TOP,Kennen vs Riven,266.0,-3.383458646616546
798,DUO_CARRY,Ezreal vs Jhin,828.0,-3.381642512077292
799,MID,Syndra vs Vladimir,281.0,3.380782918149464
800,DUO_SUPPORT,Brand vs Rakan,519.0,3.371868978805395
801,DUO_SUPPORT,Braum vs Leona,744.0,-3.36021505376344
802,JUNGLE,Hecarim vs Xin Zhao,253.0,-3.359683794466399
803,DUO_SUPPORT,Bard vs Nami,551.0,-3.3575317604355703
804,DUO_SUPPORT,Rakan vs Thresh,2891.0,-3.33794534763058
805,MID,Akali vs Syndra,180.0,3.3333333333333357
806,JUNGLE,Master Yi vs Pantheon,135.0,-3.3333333333333357
807,TOP,Pantheon vs Renekton,330.0,3.3333333333333357
808,JUNGLE,Graves vs Vi,435.0,-3.3333333333333357
809,TOP,Irelia vs Swain,75.0,3.3333333333333357
810,TOP,ChoGath vs Illaoi,75.0,-3.3333333333333357
811,MID,Heimerdinger vs Veigar,75.0,-3.3333333333333357
812,DUO_CARRY,Miss Fortune vs Xayah,934.0,3.3190578158458237
813,JUNGLE,Evelynn vs Zac,182.0,-3.296703296703299
814,TOP,Galio vs Shen,167.0,3.293413173652695
815,TOP,Illaoi vs Jax,152.0,-3.2894736842105274
816,TOP,Malphite vs Pantheon,152.0,-3.2894736842105274
817,DUO_CARRY,Draven vs Lucian,2723.0,3.286816011751746
818,JUNGLE,Udyr vs Xin Zhao,122.0,3.278688524590166
819,TOP,Jax vs Kennen,122.0,-3.2786885245901587
820,TOP,ChoGath vs Nasus,107.0,-3.271028037383175
821,JUNGLE,Gragas vs Rammus,107.0,3.271028037383175
822,MID,Orianna vs Zilean,107.0,-3.271028037383175
823,JUNGLE,Jarvan IV vs Jax,107.0,3.271028037383175
824,MID,Katarina vs Twisted Fate,199.0,-3.266331658291456
825,DUO_CARRY,Twitch vs Varus,291.0,3.264604810996566
826,TOP,ChoGath vs Irelia,92.0,-3.2608695652173907
827,MID,Jayce vs Syndra,77.0,-3.2467532467532507
828,DUO_SUPPORT,Miss Fortune vs Zyra,77.0,3.2467532467532436
829,TOP,Fiora vs Singed,154.0,3.2467532467532436
830,MID,Morgana vs Syndra,154.0,3.2467532467532436
831,JUNGLE,KhaZix vs Sejuani,417.0,-3.237410071942449
832,JUNGLE,Master Yi vs Tryndamere,139.0,-3.237410071942449
833,DUO_SUPPORT,Karma vs Lulu,1313.0,-3.2368621477532358
834,MID,Fizz vs Talon,186.0,3.225806451612897
835,DUO_SUPPORT,Janna vs Lux,233.0,3.2188841201716727
836,JUNGLE,Nidalee vs Vi,109.0,-3.2110091743119256
837,JUNGLE,Lee Sin vs Rammus,562.0,-3.202846975088967
838,JUNGLE,Graves vs Zac,453.0,3.2008830022075117
839,DUO_CARRY,Draven vs Xayah,1344.0,3.1994047619047663
840,JUNGLE,Amumu vs Shaco,282.0,3.191489361702125
841,DUO_SUPPORT,Sona vs Soraka,564.0,3.191489361702125
842,JUNGLE,Lee Sin vs Riven,235.0,-3.191489361702125
843,TOP,Heimerdinger vs Riven,94.0,-3.191489361702125
844,TOP,Gangplank vs Riven,658.0,-3.191489361702125
845,TOP,Nasus vs Poppy,94.0,-3.191489361702125
846,DUO_SUPPORT,Lux vs Morgana,331.0,-3.17220543806647
847,MID,Akali vs Talon,79.0,-3.1645569620253156
848,TOP,Garen vs Jax,237.0,-3.1645569620253156
849,TOP,Fizz vs Vladimir,79.0,3.1645569620253085
850,TOP,Gangplank vs Olaf,79.0,3.1645569620253085
851,MID,Ahri vs Kassadin,1490.0,3.154362416107382
852,MID,VelKoz vs Viktor,111.0,3.1531531531531556
853,MID,LeBlanc vs Taliyah,111.0,3.1531531531531556
854,TOP,Malphite vs Rumble,111.0,-3.1531531531531556
855,JUNGLE,Graves vs Jarvan IV,254.0,-3.1496062992126
856,JUNGLE,Ivern vs Master Yi,414.0,3.1400966183574894
857,TOP,Renekton vs Yasuo,670.0,3.134328358208961
858,TOP,Renekton vs Sion,128.0,3.125
859,TOP,Darius vs Jarvan IV,96.0,3.125
860,DUO_CARRY,Ashe vs Ezreal,1425.0,3.122807017543863
861,JUNGLE,Xin Zhao vs Zac,273.0,3.1135531135531167
862,JUNGLE,Elise vs Xin Zhao,290.0,-3.103448275862071
863,TOP,Garen vs Kennen,113.0,-3.0973451327433636
864,JUNGLE,KhaZix vs Shaco,437.0,-3.0892448512585844
865,TOP,Jayce vs Yorick,81.0,-3.0864197530864246
866,JUNGLE,Diana vs Graves,81.0,-3.0864197530864246
867,TOP,Rumble vs Tryndamere,162.0,-3.0864197530864246
868,TOP,Maokai vs Teemo,81.0,-3.0864197530864246
869,MID,Annie vs Viktor,130.0,3.07692307692308
870,MID,Fizz vs Viktor,196.0,3.0612244897959187
871,TOP,Kayle vs Teemo,98.0,3.0612244897959187
872,JUNGLE,Elise vs Fiddlesticks,98.0,-3.0612244897959187
873,TOP,ChoGath vs Teemo,147.0,-3.0612244897959187
874,MID,Cassiopeia vs Orianna,426.0,-3.051643192488264
875,JUNGLE,Amumu vs KhaZix,492.0,3.0487804878048834
876,TOP,Darius vs Illaoi,279.0,-3.046594982078851
877,MID,Annie vs Orianna,690.0,3.04347826086957
878,JUNGLE,Lee Sin vs Vi,1827.0,-3.0377668308702823
879,DUO_SUPPORT,Bard vs Blitzcrank,577.0,-3.0329289428076294
880,JUNGLE,Warwick vs Wukong,132.0,3.030303030303031
881,MID,Yasuo vs Zed,792.0,3.030303030303031
882,TOP,Galio vs Nasus,149.0,3.0201342281879207
883,DUO_CARRY,Jhin vs Xayah,845.0,-3.0177514792899416
884,DUO_SUPPORT,Blitzcrank vs Braum,779.0,-3.016688061617458
885,MID,Ekko vs Katarina,398.0,-3.0150753768844254
886,TOP,Darius vs Pantheon,332.0,3.01204819277109
887,DUO_SUPPORT,Soraka vs Taric,83.0,3.01204819277109
888,DUO_CARRY,Kalista vs Tristana,166.0,-3.0120481927710827
889,JUNGLE,Graves vs Hecarim,415.0,-3.0120481927710827
890,MID,Azir vs Ekko,83.0,-3.0120481927710827
891,MID,Syndra vs Veigar,366.0,3.0054644808743234
892,JUNGLE,Amumu vs Olaf,100.0,-3.0
893,MID,Akali vs VelKoz,100.0,-3.0
894,TOP,Renekton vs Xin Zhao,100.0,3.0
895,DUO_SUPPORT,Blitzcrank vs Morgana,1417.0,2.9992942836979495
896,DUO_SUPPORT,Bard vs Sona,434.0,-2.9953917050691246
897,DUO_CARRY,Draven vs KogMaw,334.0,-2.994011976047908
898,TOP,Jayce vs Malphite,134.0,-2.985074626865668
899,JUNGLE,Jarvan IV vs Shaco,134.0,2.985074626865668
900,MID,Veigar vs Vladimir,134.0,2.985074626865668
901,TOP,Fiora vs Vladimir,168.0,-2.9761904761904745
902,TOP,Jax vs Nasus,253.0,2.964426877470359
903,MID,Orianna vs Taliyah,355.0,-2.95774647887324
904,JUNGLE,Lee Sin vs Skarner,289.0,-2.941176470588239
905,MID,Aurelion Sol vs Syndra,85.0,2.941176470588239
906,DUO_CARRY,Kalista vs Twitch,238.0,-2.941176470588239
907,JUNGLE,Shaco vs Wukong,85.0,2.941176470588239
908,TOP,Jax vs Maokai,85.0,2.941176470588239
909,DUO_SUPPORT,Nautilus vs Soraka,204.0,-2.941176470588239
910,DUO_CARRY,Ezreal vs Lucian,4379.0,-2.9344599223567016
911,JUNGLE,Lee Sin vs Shyvana,650.0,-2.92307692307692
912,DUO_CARRY,Draven vs Twitch,771.0,2.9182879377431945
913,JUNGLE,KhaZix vs Nidalee,206.0,-2.9126213592233015
914,TOP,Illaoi vs Renekton,293.0,2.901023890784984
915,JUNGLE,Jax vs Master Yi,707.0,2.8995756718528938
916,DUO_SUPPORT,Leona vs Zilean,138.0,-2.89855072463768
917,TOP,Darius vs Rumble,259.0,2.8957528957528993
918,JUNGLE,Gragas vs Vi,259.0,-2.895752895752892
919,DUO_CARRY,Ezreal vs Xayah,1762.0,-2.8944381384789963
920,MID,Lux vs Swain,121.0,2.892561983471076
921,TOP,Akali vs Tryndamere,121.0,2.892561983471076
922,TOP,Gangplank vs Yorick,121.0,-2.892561983471076
923,MID,LeBlanc vs Orianna,658.0,-2.887537993920972
924,DUO_SUPPORT,Alistar vs Lux,87.0,2.8735632183908066
925,TOP,Kled vs Vladimir,87.0,2.8735632183908066
926,TOP,Gnar vs Irelia,174.0,-2.8735632183908066
927,TOP,Singed vs Teemo,87.0,-2.8735632183908066
928,DUO_SUPPORT,Morgana vs Rakan,923.0,2.8710725893824502
929,MID,Orianna vs Viktor,488.0,2.868852459016388
930,DUO_SUPPORT,Morgana vs Tahm Kench,157.0,-2.866242038216562
931,JUNGLE,Elise vs Zac,384.0,-2.8645833333333286
932,JUNGLE,Shaco vs Xin Zhao,280.0,2.857142857142861
933,JUNGLE,Graves vs Maokai,140.0,2.857142857142861
934,DUO_CARRY,Jhin vs Vayne,1033.0,-2.855759922555663
935,TOP,Gragas vs Riven,369.0,-2.8455284552845512
936,TOP,Fizz vs Yasuo,229.0,2.8384279475982552
937,MID,Brand vs Katarina,159.0,2.830188679245282
938,MID,Akali vs Annie,159.0,-2.830188679245282
939,TOP,Illaoi vs Malphite,106.0,2.830188679245282
940,TOP,Irelia vs Malphite,195.0,-2.8205128205128247
941,MID,Kassadin vs Xerath,178.0,-2.8089887640449476
942,MID,Ahri vs Malzahar,267.0,2.8089887640449405
943,TOP,Jax vs Riven,517.0,-2.804642166344294
944,MID,Karma vs Syndra,125.0,-2.8000000000000043
945,TOP,Illaoi vs Teemo,161.0,-2.7950310559006226
946,JUNGLE,Graves vs Rammus,197.0,-2.791878172588831
947,JUNGLE,Graves vs KhaZix,1095.0,-2.785388127853885
948,DUO_CARRY,Jinx vs Tristana,826.0,2.7845036319612575
949,TOP,Fizz vs Kennen,108.0,-2.7777777777777786
950,MID,Karma vs Yasuo,108.0,-2.7777777777777786
951,MID,Ahri vs Annie,1101.0,-2.7702089009990942
952,MID,Ahri vs VelKoz,597.0,2.7638190954773805
953,DUO_SUPPORT,Blitzcrank vs Rakan,1122.0,2.7629233511586406
954,DUO_SUPPORT,Leona vs Taric,163.0,-2.760736196319016
955,JUNGLE,Fiddlesticks vs Vi,91.0,2.7472527472527517
956,DUO_CARRY,Sivir vs Vayne,510.0,-2.7450980392156907
957,MID,Lux vs Ziggs,366.0,-2.7322404371584668
958,MID,Azir vs Syndra,110.0,-2.7272727272727266
959,DUO_SUPPORT,Miss Fortune vs Thresh,110.0,2.7272727272727195
960,DUO_SUPPORT,Nautilus vs Zyra,129.0,-2.7131782945736447
961,JUNGLE,Sejuani vs Xin Zhao,296.0,-2.7027027027027017
962,MID,Malzahar vs Orianna,148.0,2.7027027027026946
963,MID,Ahri vs Syndra,2036.0,2.7013752455795625
964,MID,Fizz vs Twisted Fate,315.0,2.698412698412703
965,DUO_CARRY,Lucian vs Twitch,2448.0,-2.6960784313725483
966,DUO_SUPPORT,Annie vs Karma,93.0,-2.688172043010752
967,JUNGLE,Olaf vs Zac,93.0,-2.688172043010752
968,MID,Anivia vs Taliyah,93.0,-2.688172043010752
969,JUNGLE,KhaZix vs Warwick,691.0,-2.67727930535456
970,DUO_SUPPORT,Braum vs Sona,393.0,-2.6717557251908417
971,MID,Cassiopeia vs Veigar,131.0,-2.6717557251908417
972,DUO_SUPPORT,Rakan vs Zyra,581.0,-2.6678141135972453
973,MID,Katarina vs Ziggs,150.0,-2.6666666666666643
974,DUO_SUPPORT,Bard vs Morgana,469.0,2.66524520255863
975,MID,Ekko vs Ziggs,188.0,2.659574468085104
976,DUO_SUPPORT,Karma vs Zyra,621.0,-2.6570048309178773
977,DUO_CARRY,Caitlyn vs Kalista,847.0,2.6564344746162973
978,MID,Ahri vs Vladimir,644.0,2.6397515527950333
979,TOP,Trundle vs Tryndamere,76.0,-2.631578947368425
980,TOP,Riven vs Trundle,114.0,-2.631578947368425
981,JUNGLE,Graves vs Udyr,152.0,-2.631578947368425
982,MID,Ahri vs Fiddlesticks,76.0,-2.631578947368425
983,TOP,Garen vs Pantheon,152.0,-2.631578947368425
984,TOP,Shen vs Tryndamere,247.0,-2.631578947368425
985,MID,Katarina vs Malzahar,114.0,-2.631578947368425
986,MID,Xerath vs Ziggs,133.0,2.6315789473684177
987,JUNGLE,Gragas vs Twitch,133.0,2.6315789473684177
988,DUO_SUPPORT,Blitzcrank vs Janna,1313.0,-2.627570449352632
989,DUO_SUPPORT,Janna vs Karma,1600.0,2.625
990,MID,Anivia vs Yasuo,211.0,2.6066350710900466
991,DUO_CARRY,Caitlyn vs KogMaw,1040.0,-2.5961538461538467
992,MID,Kassadin vs Vladimir,289.0,2.5951557093425563
993,TOP,Gangplank vs Jayce,270.0,-2.592592592592588
994,DUO_CARRY,Ashe vs Miss Fortune,810.0,-2.592592592592588
995,DUO_CARRY,Twitch vs Vayne,1428.0,2.591036414565828
996,DUO_SUPPORT,Janna vs Nami,1449.0,2.587991718426494
997,JUNGLE,Jax vs Nocturne,116.0,-2.5862068965517224
998,TOP,Darius vs Irelia,426.0,2.5821596244131513
999,DUO_SUPPORT,Bard vs Thresh,1704.0,-2.582159624413144
1000,TOP,Irelia vs Renekton,504.0,2.5793650793650826
1001,TOP,Darius vs Gnar,291.0,-2.577319587628871
1002,DUO_SUPPORT,Galio vs Karma,78.0,-2.564102564102569
1003,MID,ChoGath vs Orianna,78.0,-2.564102564102569
1004,DUO_SUPPORT,Alistar vs Karma,371.0,2.560646900269539
1005,JUNGLE,Hecarim vs KhaZix,371.0,-2.560646900269539
1006,MID,Viktor vs Yasuo,215.0,2.558139534883722
1007,JUNGLE,Lee Sin vs Wukong,470.0,2.5531914893617085
1008,DUO_SUPPORT,Rakan vs Tahm Kench,196.0,2.551020408163261
1009,TOP,Fiora vs Teemo,392.0,-2.551020408163261
1010,MID,Annie vs Taliyah,99.0,-2.525252525252526
1011,MID,Morgana vs Yasuo,99.0,-2.525252525252526
1012,TOP,Darius vs Tryndamere,476.0,2.52100840336135
1013,MID,Anivia vs Veigar,139.0,2.517985611510788
1014,DUO_SUPPORT,Braum vs Lulu,735.0,2.5170068027210917
1015,MID,Talon vs Zed,358.0,2.513966480446925
1016,JUNGLE,Gragas vs Xin Zhao,259.0,-2.5096525096525113
1017,DUO_SUPPORT,Maokai vs Morgana,240.0,-2.5
1018,DUO_SUPPORT,Gragas vs Lulu,80.0,-2.5
1019,JUNGLE,Master Yi vs Sejuani,560.0,2.5
1020,DUO_SUPPORT,Blitzcrank vs Taric,200.0,-2.5
1021,DUO_SUPPORT,Lulu vs Tahm Kench,181.0,2.486187845303867
1022,DUO_SUPPORT,Galio vs Rakan,101.0,-2.4752475247524757
1023,MID,Brand vs Orianna,364.0,2.4725274725274744
1024,JUNGLE,Master Yi vs Xin Zhao,890.0,-2.471910112359552
1025,DUO_CARRY,Ashe vs Twitch,850.0,-2.470588235294116
1026,TOP,Gangplank vs Tryndamere,385.0,-2.4675324675324717
1027,DUO_SUPPORT,Blitzcrank vs Soraka,770.0,2.4675324675324646
1028,TOP,Rumble vs Yasuo,183.0,-2.4590163934426243
1029,TOP,Poppy vs Riven,244.0,-2.4590163934426243
1030,TOP,ChoGath vs Malphite,82.0,2.439024390243901
1031,DUO_SUPPORT,Lulu vs Veigar,103.0,2.427184466019419
1032,MID,Diana vs Zed,227.0,-2.4229074889867874
1033,JUNGLE,Elise vs Jax,227.0,2.4229074889867803
1034,MID,Taliyah vs Twisted Fate,124.0,-2.4193548387096726
1035,TOP,Galio vs Gangplank,269.0,-2.416356877323423
1036,DUO_SUPPORT,Janna vs Sona,893.0,-2.4076147816349334
1037,JUNGLE,Evelynn vs Vi,187.0,2.406417112299465
1038,JUNGLE,Lee Sin vs Nocturne,897.0,-2.3968784838350103
1039,TOP,Renekton vs Shen,355.0,2.3943661971830963
1040,DUO_SUPPORT,Lulu vs Maokai,376.0,2.3936170212765973
1041,DUO_SUPPORT,Alistar vs Morgana,397.0,-2.3929471032745653
1042,TOP,Fizz vs Nasus,126.0,2.3809523809523867
1043,MID,LeBlanc vs Lissandra,84.0,2.3809523809523867
1044,TOP,Darius vs Trundle,126.0,2.3809523809523867
1045,TOP,Gangplank vs Kled,231.0,-2.3809523809523867
1046,JUNGLE,Amumu vs Kindred,105.0,-2.3809523809523867
1047,JUNGLE,Lee Sin vs Master Yi,3536.0,-2.3755656108597307
1048,MID,Orianna vs Twisted Fate,653.0,-2.3736600306278746
1049,TOP,Fiora vs Renekton,909.0,2.3652365236523707
1050,JUNGLE,Sejuani vs Shaco,233.0,-2.3605150214592285
1051,TOP,Fiora vs Jax,615.0,2.357723577235774
1052,TOP,Riven vs Swain,170.0,-2.352941176470594
1053,MID,Ekko vs Xerath,149.0,-2.3489932885906057
1054,MID,Diana vs Ekko,149.0,2.3489932885906057
1055,DUO_SUPPORT,Sona vs Zilean,128.0,2.34375
1056,TOP,Darius vs Wukong,128.0,-2.34375
1057,JUNGLE,Jax vs Warwick,363.0,2.3415977961432475
1058,JUNGLE,Shaco vs Udyr,107.0,2.3364485981308363
1059,DUO_SUPPORT,Malphite vs Thresh,107.0,2.3364485981308363
1060,DUO_CARRY,Caitlyn vs Xayah,4326.0,2.33472029588534
1061,DUO_SUPPORT,Blitzcrank vs Zilean,193.0,2.3316062176165744
1062,JUNGLE,Nocturne vs Vi,172.0,-2.3255813953488342
1063,TOP,Fiora vs Gragas,325.0,2.3076923076923137
1064,JUNGLE,Jax vs KhaZix,325.0,-2.3076923076923066
1065,JUNGLE,Lee Sin vs Sejuani,1520.0,-2.30263157894737
1066,MID,LeBlanc vs Ziggs,174.0,-2.2988505747126453
1067,DUO_SUPPORT,Maokai vs Nami,283.0,-2.296819787985868
1068,DUO_CARRY,Ashe vs Draven,1029.0,-2.2837706511175924
1069,DUO_CARRY,Ashe vs Jhin,635.0,2.2834645669291405
1070,TOP,Tryndamere vs Yasuo,417.0,2.278177458033568
1071,JUNGLE,Rengar vs Shaco,176.0,-2.2727272727272734
1072,JUNGLE,Jax vs Rammus,88.0,2.2727272727272734
1073,JUNGLE,Ivern vs Vi,199.0,2.261306532663319
1074,MID,Akali vs Ekko,199.0,-2.261306532663312
1075,JUNGLE,Graves vs Sejuani,465.0,-2.258064516129032
1076,TOP,Fiora vs Wukong,155.0,-2.258064516129032
1077,DUO_SUPPORT,Thresh vs VelKoz,421.0,2.2565320665083135
1078,JUNGLE,Elise vs Hecarim,266.0,-2.255639097744364
1079,DUO_SUPPORT,Malzahar vs Nami,111.0,-2.252252252252248
1080,JUNGLE,Graves vs Skarner,111.0,-2.252252252252248
1081,TOP,Kennen vs Renekton,289.0,-2.249134948096888
1082,MID,Syndra vs Viktor,289.0,2.249134948096888
1083,TOP,Riven vs Rumble,289.0,2.249134948096888
1084,TOP,Gangplank vs Shen,268.0,-2.238805970149258
1085,TOP,Gnar vs Jayce,134.0,2.238805970149251
1086,DUO_SUPPORT,Alistar vs Thresh,1210.0,2.231404958677686
1087,DUO_CARRY,Graves vs Jinx,157.0,-2.229299363057322
1088,MID,Ahri vs Anivia,628.0,-2.229299363057322
1089,MID,Taliyah vs Yasuo,157.0,-2.229299363057322
1090,DUO_SUPPORT,Bard vs Karma,718.0,2.2284122562674114
1091,DUO_CARRY,Caitlyn vs Twitch,2585.0,-2.224371373307541
1092,TOP,Darius vs Kled,360.0,2.2222222222222285
1093,JUNGLE,Fiddlesticks vs Xin Zhao,90.0,2.2222222222222285
1094,JUNGLE,Kindred vs Vi,90.0,-2.2222222222222214
1095,JUNGLE,KhaZix vs Wukong,136.0,2.205882352941181
1096,DUO_SUPPORT,Lulu vs Lux,341.0,2.1994134897360667
1097,TOP,Illaoi vs Riven,274.0,2.189781021897808
1098,MID,Fizz vs Syndra,548.0,2.189781021897808
1099,TOP,Darius vs Yasuo,596.0,2.1812080536912717
1100,MID,Cassiopeia vs Zed,253.0,-2.173913043478258
1101,TOP,Nasus vs Vladimir,92.0,-2.173913043478258
1102,TOP,Gangplank vs Illaoi,161.0,-2.173913043478258
1103,TOP,Fiora vs Kayle,161.0,-2.173913043478258
1104,TOP,Olaf vs Riven,161.0,-2.173913043478258
1105,DUO_CARRY,KogMaw vs Lucian,1014.0,2.1696252465483212
1106,DUO_CARRY,Caitlyn vs Sivir,1158.0,2.158894645941281
1107,TOP,Fiora vs Illaoi,278.0,2.1582733812949613
1108,TOP,Gangplank vs Garen,209.0,2.153110047846887
1109,DUO_SUPPORT,Karma vs Nami,1208.0,-2.1523178807947048
1110,JUNGLE,Amumu vs Gragas,372.0,2.1505376344086002
1111,DUO_SUPPORT,Braum vs Tahm Kench,140.0,2.142857142857146
1112,TOP,Ekko vs Teemo,117.0,2.1367521367521434
1113,DUO_SUPPORT,Thresh vs Zyra,1287.0,2.1367521367521434
1114,TOP,Gragas vs Kennen,117.0,2.1367521367521434
1115,TOP,ChoGath vs Garen,117.0,-2.1367521367521363
1116,DUO_CARRY,Corki vs Lucian,188.0,-2.1276595744680833
1117,JUNGLE,Evelynn vs Sejuani,165.0,2.1212121212121247
1118,MID,Syndra vs VelKoz,307.0,2.1172638436482103
1119,MID,Annie vs Ziggs,142.0,2.1126760563380245
1120,TOP,Irelia vs Kled,190.0,-2.10526315789474
1121,MID,Lucian vs Orianna,119.0,-2.1008403361344534
1122,JUNGLE,Sejuani vs Warwick,405.0,-2.098765432098766
1123,MID,Syndra vs Xerath,286.0,-2.0979020979021
1124,JUNGLE,Gragas vs Jarvan IV,167.0,-2.095808383233532
1125,TOP,Renekton vs Vladimir,167.0,2.095808383233532
1126,TOP,Irelia vs Jayce,215.0,2.0930232558139537
1127,TOP,Irelia vs Riven,526.0,2.091254752851711
1128,MID,Akali vs Zed,311.0,2.0900321543408396
1129,TOP,Fizz vs Garen,96.0,-2.0833333333333286
1130,JUNGLE,Gragas vs Rengar,169.0,-2.0710059171597663
1131,TOP,Kled vs Shen,169.0,2.0710059171597663
1132,DUO_CARRY,Draven vs Sivir,242.0,2.066115702479344
1133,MID,Karma vs Zed,121.0,-2.066115702479337
1134,MID,Lissandra vs Lux,121.0,-2.066115702479337
1135,DUO_CARRY,Ashe vs Tristana,557.0,-2.064631956912031
1136,DUO_SUPPORT,Brand vs Sona,315.0,2.0634920634920704
1137,DUO_SUPPORT,Braum vs Rakan,753.0,2.0584329349269552
1138,JUNGLE,Elise vs Master Yi,632.0,-2.0569620253164587
1139,JUNGLE,Amumu vs Nocturne,171.0,-2.0467836257309955
1140,MID,Veigar vs Viktor,148.0,-2.0270270270270316
1141,JUNGLE,Amumu vs Hecarim,296.0,-2.0270270270270316
1142,MID,Twisted Fate vs Viktor,148.0,2.0270270270270316
1143,JUNGLE,KhaZix vs Nunu,173.0,-2.02312138728324
1144,TOP,Darius vs Garen,446.0,2.017937219730939
1145,TOP,Nasus vs Tryndamere,348.0,-2.011494252873561
1146,DUO_CARRY,Miss Fortune vs Twitch,573.0,2.0069808027923273
1147,DUO_SUPPORT,Galio vs Morgana,75.0,2.0
1148,JUNGLE,Jarvan IV vs Sejuani,150.0,2.0
1149,JUNGLE,ChoGath vs Lee Sin,175.0,-2.0
1150,TOP,Riven vs Vayne,75.0,2.0
1151,JUNGLE,Hecarim vs Shaco,200.0,-2.0
1152,DUO_SUPPORT,Bard vs Janna,827.0,1.9951632406287843
1153,TOP,Fiora vs Gangplank,577.0,1.9930675909878772
1154,DUO_SUPPORT,Taric vs Thresh,427.0,1.99063231850117
1155,DUO_SUPPORT,Blitzcrank vs Nautilus,377.0,-1.9893899204244079
1156,DUO_SUPPORT,Brand vs Thresh,1133.0,1.9858781994704344
1157,JUNGLE,Jax vs Zac,152.0,1.973684210526315
1158,TOP,Nautilus vs Riven,254.0,1.968503937007867
1159,MID,Brand vs Kassadin,179.0,-1.955307262569832
1160,MID,Gangplank vs LeBlanc,77.0,-1.9480519480519476
1161,DUO_SUPPORT,Janna vs Veigar,77.0,1.9480519480519405
1162,DUO_CARRY,Caitlyn vs Varus,1465.0,1.9453924914675795
1163,DUO_CARRY,KogMaw vs Tristana,206.0,1.9417475728155296
1164,DUO_SUPPORT,Leona vs Soraka,541.0,1.9408502772643246
1165,JUNGLE,Jax vs Lee Sin,1263.0,1.9398258115597784
1166,TOP,Fizz vs Galio,129.0,-1.937984496124031
1167,TOP,Fiora vs Riven,982.0,-1.9348268839103824
1168,MID,Katarina vs Yasuo,414.0,-1.9323671497584485
1169,TOP,Gnar vs Teemo,156.0,-1.9230769230769198
1170,JUNGLE,Rammus vs Shaco,104.0,-1.9230769230769198
1171,DUO_SUPPORT,Leona vs Nami,651.0,1.920122887864828
1172,DUO_CARRY,KogMaw vs Miss Fortune,183.0,-1.9125683060109324
1173,DUO_SUPPORT,Janna vs Thresh,3512.0,1.90774487471527
1174,DUO_SUPPORT,Thresh vs Zilean,447.0,1.901565995525722
1175,DUO_SUPPORT,Alistar vs Brand,158.0,1.8987341772151893
1176,TOP,ChoGath vs Pantheon,79.0,1.8987341772151893
1177,JUNGLE,Lee Sin vs Rengar,1112.0,1.8884892086330893
1178,MID,Ahri vs Morgana,318.0,-1.8867924528301856
1179,MID,Swain vs Syndra,106.0,1.8867924528301856
1180,JUNGLE,Kindred vs Master Yi,160.0,1.875000000000007
1181,MID,Brand vs Fizz,187.0,-1.8716577540106982
1182,DUO_CARRY,Twitch vs Xayah,1122.0,1.8716577540106911
1183,TOP,Jax vs Tryndamere,455.0,-1.8681318681318686
1184,DUO_SUPPORT,Tahm Kench vs Thresh,536.0,-1.865671641791046
1185,DUO_SUPPORT,Annie vs Thresh,322.0,-1.8633540372670794
1186,TOP,Riven vs Yasuo,779.0,1.861360718870344
1187,JUNGLE,Lee Sin vs Pantheon,351.0,-1.8518518518518547
1188,JUNGLE,Hecarim vs Warwick,378.0,-1.8518518518518547
1189,MID,Cassiopeia vs Fizz,135.0,1.8518518518518476
1190,JUNGLE,Amumu vs Volibear,135.0,1.8518518518518476
1191,JUNGLE,Amumu vs Wukong,108.0,1.8518518518518476
1192,DUO_SUPPORT,Blitzcrank vs Maokai,299.0,1.8394648829431404
1193,MID,Syndra vs Talon,164.0,1.8292682926829258
1194,DUO_SUPPORT,Karma vs Thresh,2734.0,-1.8288222384784234
1195,DUO_CARRY,Miss Fortune vs Vayne,1123.0,1.825467497773822
1196,MID,Karma vs Lux,137.0,1.8248175182481816
1197,MID,Orianna vs Swain,137.0,-1.8248175182481745
1198,DUO_CARRY,Sivir vs Varus,137.0,-1.8248175182481745
1199,DUO_SUPPORT,Morgana vs Thresh,2576.0,1.8245341614906891
1200,JUNGLE,Hecarim vs Nocturne,110.0,1.8181818181818201
1201,DUO_SUPPORT,Bard vs Lulu,660.0,1.8181818181818201
1202,TOP,Gnar vs Rumble,110.0,-1.8181818181818201
1203,TOP,Kled vs Riven,303.0,1.8151815181518174
1204,DUO_CARRY,Ashe vs Varus,498.0,-1.8072289156626482
1205,MID,Heimerdinger vs Lux,83.0,1.8072289156626482
1206,JUNGLE,Gragas vs Lee Sin,2251.0,1.799200355397602
1207,MID,Lissandra vs Zed,336.0,1.7857142857142918
1208,DUO_SUPPORT,Leona vs Maokai,224.0,1.7857142857142918
1209,TOP,Nautilus vs Teemo,112.0,-1.7857142857142847
1210,TOP,Galio vs Nautilus,112.0,-1.7857142857142847
1211,DUO_SUPPORT,Brand vs Janna,589.0,-1.7826825127334445
1212,JUNGLE,Warwick vs Zac,450.0,1.7777777777777786
1213,MID,Ekko vs Syndra,705.0,1.773049645390067
1214,TOP,Kayle vs Riven,141.0,1.773049645390067
1215,DUO_SUPPORT,Karma vs Rakan,1130.0,1.7699115044247833
1216,TOP,Fiora vs Nautilus,226.0,-1.7699115044247833
1217,MID,Vladimir vs Xerath,85.0,1.7647058823529491
1218,JUNGLE,Evelynn vs KhaZix,369.0,-1.7615176151761531
1219,TOP,Malphite vs Shen,143.0,1.7482517482517466
1220,MID,Aurelion Sol vs Orianna,143.0,1.7482517482517466
1221,DUO_SUPPORT,Blitzcrank vs Sona,744.0,1.7473118279569846
1222,DUO_SUPPORT,Morgana vs Zilean,172.0,-1.7441860465116221
1223,MID,Brand vs Yasuo,172.0,-1.7441860465116221
1224,DUO_SUPPORT,Lulu vs VelKoz,201.0,1.7412935323383039
1225,MID,Anivia vs Syndra,317.0,-1.7350157728706606
1226,DUO_SUPPORT,Morgana vs Soraka,549.0,-1.7304189435336923
1227,DUO_SUPPORT,Brand vs Soraka,348.0,-1.724137931034484
1228,TOP,Gangplank vs Teemo,319.0,-1.724137931034484
1229,JUNGLE,Master Yi vs Nocturne,319.0,1.724137931034484
1230,JUNGLE,Shyvana vs Warwick,203.0,-1.724137931034484
1231,MID,Ahri vs Swain,261.0,1.724137931034484
1232,TOP,Jax vs Sion,87.0,1.724137931034484
1233,TOP,Rumble vs Vladimir,87.0,1.724137931034484
1234,TOP,Jax vs Swain,87.0,-1.724137931034484
1235,MID,Talon vs Veigar,116.0,-1.724137931034484
1236,MID,Ekko vs Malzahar,87.0,1.724137931034484
1237,MID,Galio vs Orianna,87.0,-1.724137931034484
1238,MID,Fizz vs Swain,87.0,1.724137931034484
1239,TOP,Jax vs Teemo,234.0,-1.7094017094017104
1240,TOP,Jax vs Kled,234.0,-1.7094017094017104
1241,MID,LeBlanc vs Zed,439.0,1.7084282460136677
1242,JUNGLE,Fiddlesticks vs Master Yi,205.0,-1.707317073170735
1243,TOP,Darius vs Riven,851.0,-1.7038777908343121
1244,DUO_SUPPORT,Sona vs Thresh,1497.0,1.7034068136272538
1245,MID,Kassadin vs Viktor,236.0,-1.6949152542372872
1246,MID,Kassadin vs LeBlanc,414.0,1.690821256038646
1247,DUO_CARRY,Lucian vs Sivir,770.0,-1.6883116883116855
1248,JUNGLE,Elise vs Lee Sin,2630.0,1.6730038022813716
1249,TOP,Kled vs Rumble,120.0,1.6666666666666714
1250,JUNGLE,Gragas vs Zac,331.0,-1.6616314199395745
1251,DUO_SUPPORT,Nami vs Thresh,2197.0,-1.661356395084205
1252,DUO_CARRY,Draven vs Miss Fortune,602.0,-1.6611295681063112
1253,MID,Anivia vs Twisted Fate,151.0,-1.6556291390728433
1254,MID,Fizz vs Kayle,91.0,1.6483516483516567
1255,MID,ChoGath vs Zed,91.0,1.6483516483516567
1256,JUNGLE,Gragas vs Kindred,91.0,-1.6483516483516496
1257,DUO_SUPPORT,Blitzcrank vs Tahm Kench,213.0,1.6431924882629119
1258,JUNGLE,Nocturne vs Shaco,122.0,-1.639344262295083
1259,DUO_CARRY,Draven vs Vayne,1495.0,1.6387959866220783
1260,TOP,Fiora vs Maokai,153.0,1.6339869281045836
1261,DUO_SUPPORT,Janna vs Zilean,306.0,1.6339869281045836
1262,MID,Veigar vs VelKoz,153.0,-1.6339869281045765
1263,TOP,ChoGath vs Darius,184.0,-1.6304347826086953
1264,JUNGLE,Evelynn vs Graves,368.0,1.6304347826086882
1265,DUO_CARRY,Lucian vs Xayah,4283.0,1.6226943731029593
1266,DUO_SUPPORT,Leona vs Thresh,2346.0,1.619778346121059
1267,JUNGLE,Fiddlesticks vs Lee Sin,494.0,1.6194331983805696
1268,DUO_CARRY,Caitlyn vs Corki,155.0,1.6129032258064484
1269,MID,Swain vs Yasuo,93.0,-1.6129032258064484
1270,MID,Katarina vs Syndra,465.0,1.6129032258064484
1271,MID,Akali vs Veigar,124.0,-1.6129032258064484
1272,MID,VelKoz vs Ziggs,124.0,-1.6129032258064484
1273,JUNGLE,Hecarim vs Sejuani,217.0,-1.6129032258064484
1274,TOP,Renekton vs Tryndamere,535.0,1.5887850467289724
1275,TOP,Kennen vs Pantheon,126.0,-1.5873015873015888
1276,JUNGLE,KhaZix vs Master Yi,979.0,-1.5832482124616973
1277,DUO_CARRY,Draven vs Tristana,537.0,1.582867783985101
1278,TOP,Darius vs Xin Zhao,95.0,1.5789473684210549
1279,JUNGLE,Graves vs Xin Zhao,475.0,-1.5789473684210549
1280,TOP,Nasus vs Swain,95.0,-1.5789473684210549
1281,TOP,Olaf vs Teemo,95.0,1.5789473684210549
1282,TOP,Riven vs Wukong,159.0,-1.5723270440251582
1283,TOP,Jayce vs Tryndamere,159.0,1.5723270440251582
1284,TOP,Fiora vs Nasus,382.0,-1.5706806282722496
1285,JUNGLE,Graves vs Master Yi,1020.0,-1.5686274509803937
1286,DUO_SUPPORT,Alistar vs Blitzcrank,543.0,-1.5653775322283607
1287,MID,Diana vs Syndra,128.0,-1.5625
1288,JUNGLE,Sejuani vs Shyvana,97.0,-1.5463917525773212
1289,JUNGLE,KhaZix vs Skarner,97.0,-1.5463917525773212
1290,DUO_SUPPORT,Bard vs Maokai,194.0,-1.5463917525773212
1291,TOP,Galio vs Irelia,194.0,1.546391752577314
1292,TOP,Kennen vs Vladimir,97.0,1.546391752577314
1293,DUO_CARRY,Jinx vs Twitch,1102.0,-1.5426497277676958
1294,DUO_SUPPORT,Karma vs Taric,130.0,1.538461538461533
1295,TOP,Malphite vs Riven,390.0,1.538461538461533
1296,JUNGLE,Evelynn vs Gragas,196.0,1.5306122448979522
1297,DUO_CARRY,Jinx vs Sivir,458.0,1.5283842794759792
1298,DUO_SUPPORT,Braum vs Morgana,687.0,-1.5283842794759792
1299,TOP,Garen vs Nasus,229.0,1.5283842794759792
1300,MID,Ahri vs Yasuo,1147.0,1.5257192676547575
1301,DUO_SUPPORT,Leona vs Lulu,953.0,1.5215110178384066
1302,DUO_SUPPORT,Karma vs Soraka,693.0,-1.5151515151515156
1303,MID,Cassiopeia vs Vladimir,132.0,1.5151515151515156
1304,MID,Akali vs Yasuo,264.0,-1.5151515151515156
1305,TOP,DrMundo vs Teemo,99.0,-1.5151515151515156
1306,MID,Syndra vs Twisted Fate,365.0,1.506849315068493
1307,JUNGLE,Jax vs Vi,266.0,1.5037593984962427
1308,MID,Katarina vs Lux,532.0,1.5037593984962427
1309,JUNGLE,Amumu vs Xin Zhao,435.0,1.4942528735632195
1310,JUNGLE,Lee Sin vs Nautilus,134.0,1.492537313432841
1311,MID,Fizz vs Lissandra,136.0,1.470588235294116
1312,JUNGLE,Graves vs Volibear,136.0,1.470588235294116
1313,DUO_CARRY,Caitlyn vs Draven,3101.0,-1.4672686230248289
1314,TOP,Camille vs Renekton,171.0,-1.4619883040935733
1315,JUNGLE,Graves vs Lee Sin,3842.0,-1.457574180114527
1316,JUNGLE,Graves vs Rengar,309.0,1.4563106796116472
1317,MID,Ekko vs Taliyah,138.0,1.4492753623188364
1318,DUO_CARRY,Jinx vs Xayah,1633.0,1.439069197795476
1319,JUNGLE,Lee Sin vs Zac,1503.0,-1.4304723885562183
1320,MID,Anivia vs VelKoz,140.0,-1.4285714285714306
1321,JUNGLE,Hecarim vs Shyvana,105.0,-1.4285714285714306
1322,MID,Jayce vs Kassadin,105.0,1.4285714285714235
1323,JUNGLE,Master Yi vs Nunu,175.0,1.4285714285714235
1324,JUNGLE,Jarvan IV vs KhaZix,247.0,1.4170040485829958
1325,DUO_SUPPORT,Morgana vs Nami,671.0,1.4157973174366631
1326,MID,LeBlanc vs Twisted Fate,212.0,-1.415094339622641
1327,MID,Fizz vs Kassadin,566.0,1.4134275618374517
1328,JUNGLE,Fizz vs Lee Sin,177.0,-1.4124293785310726
1329,DUO_SUPPORT,Janna vs Lulu,1523.0,1.4116874589625752
1330,DUO_SUPPORT,Malzahar vs Thresh,284.0,1.408450704225352
1331,MID,Syndra vs Taliyah,249.0,1.405622489959832
1332,TOP,Irelia vs Nasus,249.0,1.405622489959832
1333,MID,Kassadin vs Syndra,570.0,1.403508771929829
1334,JUNGLE,Evelynn vs Lee Sin,1105.0,-1.402714932126699
1335,JUNGLE,Rammus vs Vi,107.0,-1.4018691588785046
1336,MID,Lux vs Taliyah,214.0,1.4018691588784975
1337,TOP,Pantheon vs Rumble,107.0,1.4018691588784975
1338,MID,Annie vs VelKoz,179.0,-1.3966480446927392
1339,JUNGLE,Warwick vs Xin Zhao,611.0,1.391162029459906
1340,MID,Orianna vs Syndra,1547.0,1.389786683904326
1341,TOP,Camille vs Darius,144.0,-1.3888888888888928
1342,TOP,Galio vs Renekton,325.0,1.3846153846153868
1343,MID,Orianna vs Ziggs,578.0,-1.3840830449826953
1344,DUO_CARRY,Draven vs Kalista,253.0,-1.3833992094861642
1345,DUO_CARRY,Jhin vs Kalista,181.0,1.3812154696132595
1346,TOP,Fiora vs Olaf,109.0,1.3761467889908303
1347,DUO_SUPPORT,Malzahar vs Morgana,109.0,1.3761467889908303
1348,JUNGLE,Shyvana vs Zac,109.0,-1.3761467889908232
1349,MID,Diana vs Lux,185.0,1.3513513513513473
1350,MID,Brand vs Ziggs,111.0,-1.3513513513513473
1351,JUNGLE,Jax vs Shaco,185.0,-1.3513513513513473
1352,MID,Taliyah vs Veigar,111.0,-1.3513513513513473
1353,MID,Akali vs LeBlanc,111.0,-1.3513513513513473
1354,TOP,Malphite vs Renekton,298.0,-1.3422818791946298
1355,TOP,Fizz vs Renekton,261.0,1.3409961685823788
1356,MID,Twisted Fate vs Veigar,187.0,1.3368983957219314
1357,MID,VelKoz vs Yasuo,187.0,-1.3368983957219243
1358,DUO_SUPPORT,Blitzcrank vs Leona,1237.0,-1.333872271624898
1359,DUO_SUPPORT,Annie vs Morgana,150.0,-1.3333333333333286
1360,MID,Ahri vs Lux,2063.0,1.3330101793504596
1361,TOP,Kled vs Pantheon,113.0,1.3274336283185875
1362,DUO_SUPPORT,Leona vs Sona,641.0,-1.3260530421216856
1363,MID,Gangplank vs Lux,189.0,1.3227513227513228
1364,JUNGLE,Elise vs Graves,795.0,1.320754716981135
1365,MID,Karma vs Katarina,76.0,-1.3157894736842124
1366,JUNGLE,Jarvan IV vs Vi,191.0,-1.3089005235602116
1367,TOP,Fiora vs Tryndamere,497.0,1.3078470824949733
1368,TOP,ChoGath vs Jax,115.0,-1.3043478260869534
1369,DUO_SUPPORT,Alistar vs Nami,269.0,-1.301115241635685
1370,DUO_SUPPORT,Braum vs Taric,154.0,1.298701298701296
1371,DUO_CARRY,Kalista vs Xayah,466.0,1.2875536480686733
1372,TOP,Fiora vs Quinn,78.0,-1.2820512820512846
1373,TOP,Sion vs Teemo,78.0,-1.2820512820512846
1374,JUNGLE,Elise vs Udyr,117.0,1.2820512820512775
1375,JUNGLE,Evelynn vs Shaco,195.0,1.2820512820512775
1376,MID,Fizz vs Ziggs,199.0,-1.2562814070351749
1377,TOP,Fiora vs Galio,398.0,1.2562814070351749
1378,TOP,Fiora vs Fizz,279.0,1.2544802867383495
1379,DUO_CARRY,Jinx vs Varus,519.0,1.2524084778420033
1380,MID,Akali vs Ziggs,80.0,-1.25
1381,TOP,Jayce vs Swain,80.0,1.249999999999993
1382,TOP,Fiora vs Irelia,521.0,-1.2476007677543208
1383,MID,Ekko vs LeBlanc,322.0,1.242236024844722
1384,DUO_SUPPORT,Alistar vs Maokai,121.0,-1.239669421487605
1385,DUO_CARRY,Lucian vs Miss Fortune,1710.0,-1.2280701754385959
1386,DUO_SUPPORT,Shen vs Thresh,123.0,1.2195121951219505
1387,MID,Jayce vs Lux,82.0,-1.2195121951219505
1388,JUNGLE,Fiddlesticks vs Sejuani,82.0,1.2195121951219505
1389,TOP,Gangplank vs Sion,82.0,1.2195121951219505
1390,MID,Lux vs Twisted Fate,414.0,-1.2077294685990339
1391,MID,Azir vs Yasuo,125.0,1.2000000000000028
1392,JUNGLE,Graves vs Shaco,461.0,-1.1930585683297181
1393,TOP,Irelia vs Maokai,84.0,-1.1904761904761898
1394,TOP,DrMundo vs Gangplank,84.0,-1.1904761904761898
1395,MID,Diana vs Veigar,84.0,-1.1904761904761898
1396,JUNGLE,Lee Sin vs Nidalee,758.0,1.1873350923482846
1397,TOP,Fiora vs Yasuo,717.0,-1.185495118549511
1398,TOP,Darius vs Nautilus,211.0,-1.1848341232227497
1399,DUO_SUPPORT,Karma vs Nautilus,254.0,-1.1811023622047259
1400,TOP,Fizz vs Shen,127.0,-1.1811023622047259
1401,TOP,Darius vs Kennen,297.0,-1.1784511784511764
1402,MID,Kassadin vs Yasuo,428.0,1.1682242990654217
1403,JUNGLE,Fiddlesticks vs Graves,129.0,1.1627906976744242
1404,JUNGLE,Sejuani vs Udyr,86.0,-1.1627906976744242
1405,MID,LeBlanc vs Syndra,430.0,-1.1627906976744242
1406,JUNGLE,Nocturne vs Sejuani,129.0,-1.1627906976744242
1407,DUO_CARRY,Graves vs Lucian,174.0,-1.1494252873563227
1408,JUNGLE,Amumu vs Jarvan IV,174.0,1.1494252873563227
1409,DUO_SUPPORT,Alistar vs Leona,479.0,-1.148225469728601
1410,MID,Ekko vs Veigar,305.0,-1.1475409836065609
1411,TOP,Kennen vs Rumble,131.0,-1.1450381679389352
1412,MID,Syndra vs Zed,700.0,1.142857142857146
1413,MID,Lux vs Morgana,219.0,-1.1415525114155258
1414,MID,Lux vs Veigar,571.0,-1.1383537653239912
1415,DUO_SUPPORT,Leona vs Malzahar,88.0,-1.1363636363636331
1416,JUNGLE,Jarvan IV vs Nocturne,88.0,1.1363636363636331
1417,MID,Anivia vs Fizz,221.0,1.1312217194570096
1418,TOP,Renekton vs Riven,1019.0,1.128557409224726
1419,JUNGLE,Gragas vs Nidalee,133.0,1.127819548872175
1420,DUO_CARRY,Lucian vs Tristana,1643.0,-1.1259890444309164
1421,DUO_SUPPORT,Nautilus vs Rakan,311.0,1.1254019292604482
1422,JUNGLE,Amumu vs Zac,313.0,1.1182108626198044
1423,JUNGLE,Tryndamere vs Xin Zhao,90.0,-1.1111111111111143
1424,TOP,Akali vs Irelia,90.0,-1.1111111111111143
1425,TOP,Vladimir vs Yasuo,135.0,-1.1111111111111143
1426,MID,Azir vs Fizz,90.0,-1.1111111111111143
1427,TOP,Malphite vs Tryndamere,270.0,1.1111111111111072
1428,TOP,Teemo vs Yasuo,317.0,-1.1041009463722418
1429,TOP,Gangplank vs Nasus,272.0,1.102941176470587
1430,TOP,Darius vs Fizz,227.0,-1.1013215859030794
1431,TOP,Jayce vs Teemo,182.0,1.098901098901095
1432,DUO_CARRY,Ashe vs Jinx,1368.0,-1.096491228070171
1433,JUNGLE,Master Yi vs Vi,685.0,-1.0948905109489004
1434,MID,Orianna vs Talon,321.0,-1.0903426791277226
1435,TOP,Riven vs Tryndamere,505.0,1.0891089108910919
1436,JUNGLE,KhaZix vs Xin Zhao,507.0,-1.0848126232741606
1437,DUO_SUPPORT,Brand vs Karma,509.0,1.080550098231825
1438,JUNGLE,Diana vs Lee Sin,278.0,-1.0791366906474806
1439,JUNGLE,Elise vs Gragas,470.0,-1.0638297872340416
1440,MID,Morgana vs Orianna,237.0,-1.0548523206751028
1441,DUO_SUPPORT,Soraka vs Thresh,1663.0,1.0523150932050456
1442,DUO_SUPPORT,Lux vs Nautilus,96.0,-1.0416666666666714
1443,TOP,Ekko vs Tryndamere,96.0,-1.0416666666666714
1444,MID,Twisted Fate vs Yasuo,241.0,1.0373443983402453
1445,TOP,Illaoi vs Irelia,145.0,1.0344827586206904
1446,JUNGLE,Nunu vs Sejuani,98.0,-1.0204081632653086
1447,JUNGLE,Gragas vs Warwick,492.0,-1.0162601626016254
1448,MID,Viktor vs Zed,296.0,1.0135135135135087
1449,JUNGLE,KhaZix vs Zac,445.0,1.0112359550561791
1450,JUNGLE,Fiddlesticks vs KhaZix,149.0,1.006711409395976
1451,JUNGLE,Evelynn vs Xin Zhao,200.0,1.0
1452,JUNGLE,Master Yi vs Wukong,200.0,1.0
1453,DUO_CARRY,Tristana vs Xayah,702.0,-0.997150997150996
1454,MID,Fizz vs Katarina,402.0,0.9950248756218869
1455,MID,Katarina vs LeBlanc,253.0,0.9881422924901244
1456,DUO_CARRY,Caitlyn vs Tristana,1732.0,0.9815242494226268
1457,DUO_SUPPORT,Sona vs Tahm Kench,102.0,-0.9803921568627487
1458,TOP,Gnar vs Kled,102.0,-0.9803921568627487
1459,DUO_SUPPORT,Annie vs Leona,155.0,-0.9677419354838719
1460,DUO_SUPPORT,Bard vs Brand,259.0,-0.9652509652509664
1461,JUNGLE,Lee Sin vs Volibear,469.0,-0.9594882729211136
1462,TOP,Fizz vs Irelia,157.0,0.9554140127388564
1463,TOP,Fiora vs Poppy,210.0,-0.9523809523809561
1464,TOP,Akali vs Teemo,106.0,0.9433962264150964
1465,TOP,Camille vs Tryndamere,106.0,-0.9433962264150964
1466,DUO_SUPPORT,Leona vs Morgana,1117.0,-0.9400179051029554
1467,TOP,Galio vs Jax,214.0,0.9345794392523388
1468,DUO_CARRY,Tristana vs Vayne,1017.0,0.9341199606686317
1469,DUO_CARRY,Varus vs Xayah,540.0,0.9259259259259309
1470,TOP,Ekko vs Gangplank,108.0,-0.9259259259259238
1471,JUNGLE,Master Yi vs Udyr,273.0,-0.9157509157509196
1472,TOP,Darius vs Jax,493.0,-0.9127789046653092
1473,TOP,Gnar vs Pantheon,110.0,-0.9090909090909065
1474,DUO_SUPPORT,Braum vs VelKoz,110.0,0.9090909090909065
1475,MID,Fizz vs Veigar,330.0,0.9090909090909065
1476,TOP,Jax vs Vladimir,112.0,-0.8928571428571459
1477,JUNGLE,Lee Sin vs Olaf,448.0,-0.8928571428571459
1478,DUO_SUPPORT,Lulu vs Soraka,896.0,0.8928571428571388
1479,JUNGLE,Master Yi vs Warwick,1010.0,-0.8910891089108901
1480,MID,Orianna vs Yasuo,900.0,-0.8888888888888857
1481,DUO_SUPPORT,Karma vs Zilean,226.0,-0.8849557522123916
1482,DUO_CARRY,Caitlyn vs Vayne,4640.0,0.8836206896551744
1483,DUO_SUPPORT,Lulu vs Thresh,3011.0,-0.8801062769843853
1484,MID,Lissandra vs Yasuo,114.0,0.877192982456144
1485,TOP,Darius vs Fiora,863.0,-0.8690614136732364
1486,DUO_CARRY,Lucian vs Varus,1276.0,-0.8620689655172455
1487,MID,LeBlanc vs Talon,116.0,-0.8620689655172455
1488,MID,Kassadin vs Lux,580.0,-0.8620689655172455
1489,JUNGLE,Shaco vs Shyvana,116.0,-0.8620689655172455
1490,TOP,Nautilus vs Shen,116.0,-0.8620689655172455
1491,JUNGLE,Kindred vs Warwick,116.0,0.8620689655172384
1492,MID,Anivia vs Ziggs,116.0,0.8620689655172384
1493,TOP,Nasus vs Shen,177.0,-0.8474576271186436
1494,JUNGLE,Elise vs Jarvan IV,177.0,-0.8474576271186436
1495,DUO_SUPPORT,Leona vs Zyra,356.0,0.8426966292134779
1496,JUNGLE,Lee Sin vs Maokai,417.0,-0.8393285371702675
1497,TOP,Rumble vs Teemo,179.0,-0.8379888268156463
1498,JUNGLE,Vi vs Warwick,484.0,-0.8264462809917319
1499,JUNGLE,Hecarim vs Master Yi,488.0,-0.8196721311475414
1500,TOP,Poppy vs Tryndamere,122.0,-0.8196721311475414
1501,TOP,DrMundo vs Riven,124.0,0.8064516129032242
1502,MID,Annie vs Lux,620.0,-0.8064516129032242
1503,DUO_SUPPORT,Braum vs Zilean,124.0,-0.8064516129032242
1504,DUO_SUPPORT,Alistar vs Zyra,187.0,-0.8021390374331503
1505,MID,Brand vs Ekko,189.0,-0.7936507936507979
1506,TOP,Irelia vs Olaf,126.0,0.7936507936507908
1507,TOP,Tryndamere vs Yorick,126.0,0.7936507936507908
1508,TOP,Riven vs Sion,126.0,0.7936507936507908
1509,MID,Katarina vs Veigar,252.0,0.7936507936507908
1510,DUO_SUPPORT,Bard vs Soraka,378.0,0.7936507936507908
1511,JUNGLE,KhaZix vs Twitch,252.0,0.7936507936507908
1512,JUNGLE,Master Yi vs Twitch,254.0,-0.7874015748031482
1513,TOP,Galio vs Garen,128.0,-0.78125
1514,JUNGLE,Jarvan IV vs Zac,130.0,0.7692307692307665
1515,TOP,Fiora vs Jayce,325.0,-0.7692307692307665
1516,TOP,Darius vs Olaf,132.0,0.7575757575757578
1517,JUNGLE,Elise vs Rammus,132.0,0.7575757575757578
1518,MID,LeBlanc vs Vladimir,132.0,-0.7575757575757578
1519,TOP,Kled vs Tryndamere,201.0,-0.746268656716417
1520,TOP,Galio vs Jayce,134.0,0.746268656716417
1521,DUO_CARRY,Kalista vs Lucian,1007.0,-0.7447864945382321
1522,MID,Ahri vs Twisted Fate,806.0,-0.7444168734491328
1523,MID,Brand vs Veigar,136.0,0.735294117647058
1524,JUNGLE,Amumu vs Jax,274.0,0.729927007299267
1525,DUO_SUPPORT,Brand vs Leona,345.0,-0.7246376811594146
1526,TOP,Fiora vs Shen,347.0,-0.7204610951008661
1527,MID,Twisted Fate vs Ziggs,140.0,-0.7142857142857082
1528,TOP,Renekton vs Rumble,280.0,-0.7142857142857082
1529,TOP,Gangplank vs Rumble,211.0,0.7109004739336484
1530,TOP,Fizz vs Gangplank,213.0,-0.7042253521126725
1531,JUNGLE,Sejuani vs Vi,286.0,0.6993006993007
1532,TOP,Darius vs Shen,359.0,-0.6963788300835674
1533,DUO_CARRY,Jinx vs Miss Fortune,1091.0,0.6874427131072451
1534,MID,Diana vs Kassadin,146.0,0.6849315068493169
1535,JUNGLE,Vi vs Xin Zhao,365.0,-0.6849315068493169
1536,DUO_CARRY,Kennen vs Lucian,148.0,-0.6756756756756772
1537,JUNGLE,Vi vs Zac,298.0,-0.6711409395973149
1538,MID,LeBlanc vs Lux,450.0,-0.6666666666666643
1539,DUO_SUPPORT,Morgana vs VelKoz,152.0,-0.6578947368421098
1540,TOP,Olaf vs Renekton,152.0,-0.6578947368421098
1541,MID,Vladimir vs Ziggs,77.0,-0.6493506493506516
1542,TOP,Gnar vs Wukong,77.0,-0.6493506493506516
1543,MID,Vladimir vs Yasuo,231.0,-0.6493506493506516
1544,TOP,Kled vs Teemo,154.0,-0.6493506493506516
1545,MID,Katarina vs Talon,154.0,-0.6493506493506516
1546,JUNGLE,KhaZix vs Udyr,154.0,-0.6493506493506516
1547,MID,Annie vs Malzahar,77.0,0.6493506493506445
1548,DUO_CARRY,Ashe vs Caitlyn,3625.0,0.6482758620689708
1549,DUO_CARRY,Jinx vs Kalista,387.0,-0.6459948320413389
1550,TOP,Ekko vs Jax,79.0,0.6329113924050631
1551,JUNGLE,Graves vs Kindred,158.0,0.6329113924050631
1552,DUO_SUPPORT,Morgana vs Zyra,399.0,-0.6265664160401059
1553,MID,Orianna vs Veigar,640.0,0.625
1554,MID,Lux vs Syndra,881.0,0.6242905788876314
1555,TOP,Galio vs Yasuo,241.0,-0.6224066390041472
1556,MID,Twisted Fate vs Zed,405.0,0.6172839506172849
1557,DUO_SUPPORT,Alistar vs Lulu,405.0,0.6172839506172849
1558,MID,Kassadin vs Veigar,326.0,0.6134969325153321
1559,DUO_SUPPORT,Janna vs VelKoz,245.0,0.6122448979591795
1560,DUO_CARRY,Jinx vs Lucian,3361.0,0.6099375185956575
1561,TOP,Garen vs Teemo,328.0,-0.6097560975609753
1562,TOP,Riven vs Yorick,164.0,0.6097560975609753
1563,JUNGLE,Olaf vs Sejuani,83.0,-0.6024096385542208
1564,DUO_CARRY,KogMaw vs Sivir,83.0,0.6024096385542137
1565,MID,Ekko vs Twisted Fate,251.0,-0.5976095617529893
1566,TOP,Gangplank vs Nautilus,168.0,-0.5952380952380949
1567,DUO_SUPPORT,Bard vs Zyra,336.0,0.5952380952380949
1568,JUNGLE,Amumu vs Warwick,508.0,-0.5905511811023629
1569,TOP,Garen vs Tryndamere,255.0,-0.588235294117645
1570,MID,Karma vs LeBlanc,85.0,0.588235294117645
1571,JUNGLE,Hecarim vs Vi,257.0,-0.5836575875486361
1572,DUO_CARRY,Ezreal vs Tristana,690.0,-0.5797101449275388
1573,MID,Morgana vs Twisted Fate,87.0,0.5747126436781684
1574,MID,Ezreal vs Zed,87.0,-0.5747126436781613
1575,MID,Taliyah vs Vladimir,87.0,-0.5747126436781613
1576,MID,Ekko vs Karma,87.0,-0.5747126436781613
1577,DUO_CARRY,Vayne vs Xayah,2369.0,-0.569860700717598
1578,JUNGLE,KhaZix vs Pantheon,89.0,-0.5617977528089924
1579,JUNGLE,Elise vs Wukong,89.0,0.5617977528089924
1580,JUNGLE,Jarvan IV vs Lee Sin,983.0,0.559511698880975
1581,MID,Diana vs Katarina,180.0,-0.5555555555555571
1582,DUO_SUPPORT,Braum vs Thresh,2091.0,-0.5499760879961713
1583,TOP,Nasus vs Olaf,91.0,0.5494505494505475
1584,DUO_SUPPORT,Brand vs Zilean,93.0,0.5376344086021518
1585,TOP,Jayce vs Vladimir,93.0,0.5376344086021518
1586,DUO_CARRY,Lucian vs Vayne,4973.0,0.5328775387090303
1587,DUO_CARRY,Kalista vs Miss Fortune,188.0,-0.5319148936170208
1588,MID,Annie vs Syndra,384.0,0.5208333333333357
1589,DUO_CARRY,Ashe vs Xayah,1346.0,-0.5200594353640398
1590,MID,Veigar vs Yasuo,289.0,0.5190311418685098
1591,TOP,Jax vs Yorick,97.0,0.5154639175257714
1592,TOP,Fizz vs Nautilus,97.0,-0.5154639175257714
1593,TOP,Galio vs Swain,97.0,0.5154639175257714
1594,DUO_SUPPORT,Nami vs Zyra,487.0,0.5133470225872756
1595,DUO_SUPPORT,Blitzcrank vs Thresh,2825.0,0.5132743362831889
1596,TOP,ChoGath vs Renekton,198.0,0.5050505050505052
1597,DUO_SUPPORT,Galio vs Thresh,198.0,-0.5050505050505052
1598,TOP,Garen vs Nautilus,99.0,-0.5050505050505052
1599,TOP,Camille vs Riven,198.0,-0.5050505050505052
1600,MID,Ekko vs Lux,598.0,-0.5016722408026766
1601,MID,Akali vs Twisted Fate,101.0,-0.4950495049504937
1602,JUNGLE,Nidalee vs Zac,101.0,-0.4950495049504937
1603,TOP,Darius vs Kayle,204.0,0.49019607843136725
1604,JUNGLE,Twitch vs Warwick,204.0,0.49019607843136725
1605,JUNGLE,Amumu vs Maokai,103.0,0.4854368932038824
1606,TOP,Gangplank vs Malphite,206.0,-0.4854368932038824
1607,TOP,Gnar vs Shen,103.0,-0.4854368932038824
1608,DUO_SUPPORT,Maokai vs Soraka,206.0,0.4854368932038824
1609,MID,Kassadin vs Lissandra,103.0,0.4854368932038824
1610,JUNGLE,KhaZix vs Lee Sin,3465.0,-0.4761904761904745
1611,DUO_CARRY,Ashe vs Kalista,321.0,0.46728971962616583
1612,TOP,Jayce vs Nasus,107.0,-0.46728971962616583
1613,JUNGLE,Master Yi vs Shaco,537.0,-0.4655493482309154
1614,TOP,Galio vs Illaoi,109.0,0.45871559633027204
1615,DUO_SUPPORT,Nami vs Taric,109.0,-0.45871559633027204
1616,DUO_SUPPORT,Zilean vs Zyra,109.0,0.45871559633027204
1617,MID,Ahri vs Karthus,218.0,0.45871559633027204
1618,JUNGLE,Shaco vs Warwick,438.0,-0.4566210045662089
1619,TOP,Akali vs Jax,111.0,-0.45045045045045384
1620,TOP,Gangplank vs Renekton,557.0,0.4488330341113098
1621,JUNGLE,Gragas vs KhaZix,559.0,0.4472271914132335
1622,MID,Ekko vs Yasuo,448.0,0.4464285714285694
1623,TOP,Kled vs Renekton,343.0,0.43731778425656387
1624,TOP,Gangplank vs Jax,345.0,-0.4347826086956488
1625,TOP,Fizz vs Gragas,115.0,-0.4347826086956488
1626,MID,Jayce vs Zed,117.0,0.42735042735042583
1627,JUNGLE,Twitch vs Xin Zhao,117.0,0.42735042735042583
1628,TOP,DrMundo vs Renekton,119.0,-0.42016806722688926
1629,MID,Malzahar vs Syndra,119.0,-0.42016806722688926
1630,DUO_SUPPORT,Lulu vs Morgana,958.0,-0.41753653444676786
1631,TOP,Darius vs Gangplank,498.0,0.40160642570281624
1632,DUO_CARRY,Sivir vs Xayah,377.0,0.39787798408488584
1633,MID,Annie vs Xerath,129.0,-0.38759689922480334
1634,TOP,Aatrox vs Renekton,129.0,-0.38759689922480334
1635,TOP,Fiora vs Kennen,262.0,0.3816793893129713
1636,JUNGLE,Sejuani vs Zac,268.0,0.3731343283582049
1637,TOP,Irelia vs Yasuo,403.0,0.37220843672456283
1638,TOP,Gnar vs Jax,137.0,0.3649635036496406
1639,DUO_SUPPORT,Brand vs Morgana,415.0,-0.36144578313253106
1640,TOP,Garen vs Yasuo,278.0,-0.3597122302158269
1641,TOP,Darius vs Renekton,850.0,-0.352941176470587
1642,JUNGLE,Amumu vs Vi,425.0,0.352941176470587
1643,TOP,Gangplank vs Pantheon,284.0,-0.3521126760563362
1644,JUNGLE,Jarvan IV vs Master Yi,284.0,-0.3521126760563362
1645,JUNGLE,Lee Sin vs Trundle,143.0,0.3496503496503536
1646,DUO_SUPPORT,Brand vs Nautilus,143.0,-0.34965034965034647
1647,MID,Fizz vs Morgana,145.0,0.3448275862068968
1648,JUNGLE,Ivern vs Jax,147.0,0.34013605442176953
1649,TOP,Gangplank vs Vladimir,151.0,-0.33112582781457434
1650,DUO_SUPPORT,Morgana vs Nautilus,304.0,0.32894736842104777
1651,TOP,Riven vs Teemo,459.0,-0.32679738562091387
1652,TOP,Swain vs Yasuo,153.0,0.32679738562091387
1653,DUO_SUPPORT,Karma vs Tahm Kench,155.0,0.32258064516128826
1654,JUNGLE,Elise vs Sejuani,310.0,0.32258064516128826
1655,MID,Diana vs Yasuo,161.0,0.3105590062111787
1656,TOP,Darius vs Sion,161.0,-0.3105590062111787
1657,JUNGLE,Evelynn vs Hecarim,161.0,0.3105590062111787
1658,MID,Fizz vs Orianna,813.0,0.3075030750307448
1659,MID,Fizz vs Yasuo,491.0,-0.3054989816700626
1660,JUNGLE,Elise vs Nocturne,167.0,-0.29940119760479433
1661,DUO_SUPPORT,Braum vs Zyra,334.0,-0.29940119760479433
1662,MID,Annie vs Katarina,340.0,-0.29411764705882604
1663,DUO_CARRY,Miss Fortune vs Tristana,511.0,-0.29354207436399804
1664,DUO_CARRY,Caitlyn vs Jinx,4287.0,-0.29157919290879164
1665,MID,Karthus vs Orianna,175.0,0.2857142857142918
1666,JUNGLE,Lee Sin vs Twitch,716.0,0.2793296089385535
1667,TOP,Akali vs Renekton,181.0,-0.2762430939226519
1668,JUNGLE,Ivern vs Sejuani,185.0,0.2702702702702666
1669,TOP,Renekton vs Swain,199.0,-0.2512562814070378
1670,DUO_CARRY,Caitlyn vs Lucian,9515.0,0.24697845507094485
1671,DUO_SUPPORT,Leona vs Tahm Kench,205.0,0.24390243902438868
1672,TOP,Illaoi vs Nasus,205.0,0.24390243902438868
1673,TOP,Akali vs Riven,207.0,-0.2415458937198096
1674,JUNGLE,Graves vs Nidalee,211.0,-0.2369668246445542
1675,DUO_SUPPORT,Janna vs Soraka,874.0,0.2288329519450798
1676,DUO_CARRY,Draven vs Jinx,1121.0,-0.22301516503122087
1677,DUO_SUPPORT,Nami vs Soraka,673.0,-0.22288261515601704
1678,DUO_CARRY,Varus vs Vayne,673.0,0.22288261515601704
1679,JUNGLE,Graves vs Nocturne,225.0,0.22222222222222143
1680,DUO_SUPPORT,Lulu vs Zyra,675.0,0.22222222222222143
1681,JUNGLE,Jarvan IV vs Warwick,243.0,-0.20576131687242594
1682,JUNGLE,Gragas vs Hecarim,251.0,0.19920318725099406
1683,DUO_CARRY,Ashe vs Lucian,3042.0,-0.197238658777124
1684,TOP,Irelia vs Tryndamere,257.0,0.1945525291828787
1685,TOP,Darius vs Teemo,536.0,-0.18656716417910246
1686,DUO_CARRY,Ashe vs Vayne,1636.0,0.18337408312958559
1687,JUNGLE,Hecarim vs Lee Sin,1397.0,0.1789549033643496
1688,DUO_SUPPORT,Karma vs Morgana,843.0,-0.17793594306049698
1689,MID,Lux vs Vladimir,283.0,-0.17667844522968323
1690,DUO_SUPPORT,Brand vs Zyra,289.0,-0.17301038062284135
1691,DUO_SUPPORT,Lulu vs Sona,877.0,0.17103762827822777
1692,TOP,Garen vs Riven,626.0,-0.15974440894569142
1693,DUO_SUPPORT,Lux vs Rakan,339.0,-0.1474926253687343
1694,DUO_CARRY,Ashe vs KogMaw,345.0,0.14492753623189003
1695,TOP,Pantheon vs Riven,351.0,-0.1424501424501372
1696,JUNGLE,Amumu vs Sejuani,355.0,0.1408450704225359
1697,MID,Veigar vs Zed,409.0,0.1222493887530618
1698,DUO_SUPPORT,Nautilus vs Thresh,828.0,-0.12077294685990125
1699,MID,Lux vs Orianna,1445.0,0.10380622837370623
1700,DUO_CARRY,Jinx vs Vayne,2188.0,0.09140767824496976
1701,DUO_SUPPORT,Braum vs Nami,569.0,-0.08787346221441084
1702,DUO_SUPPORT,Brand vs Lulu,615.0,-0.08130081300812719
1703,JUNGLE,Lee Sin vs Udyr,621.0,0.08051529790660084
1704,DUO_SUPPORT,Janna vs Zyra,675.0,-0.07407407407407618
1705,JUNGLE,Amumu vs Master Yi,737.0,-0.0678426051560379
1706,MID,Ekko vs Orianna,879.0,-0.056882821387944205
1707,MID,Kassadin vs Orianna,1031.0,-0.04849660523763788
1708,DUO_SUPPORT,Lulu vs Nami,1147.0,-0.043591979075849
1709,MID,Fizz vs Gangplank,122.0,0.0
1710,TOP,Fizz vs Teemo,128.0,0.0
1711,JUNGLE,Wukong vs Xin Zhao,98.0,0.0
1712,DUO_CARRY,Ezreal vs Kalista,360.0,0.0
1713,TOP,Ekko vs Nasus,76.0,0.0
1714,JUNGLE,Vi vs Volibear,114.0,0.0
1715,JUNGLE,Fiddlesticks vs Shaco,86.0,0.0
1716,JUNGLE,Gragas vs Wukong,80.0,0.0
1717,TOP,Darius vs Ekko,148.0,0.0
1718,DUO_CARRY,Caitlyn vs Quinn,76.0,0.0
1719,DUO_CARRY,Caitlyn vs Miss Fortune,2000.0,0.0
1720,TOP,Jax vs Shen,202.0,0.0
1721,TOP,Teemo vs Wukong,94.0,0.0
1722,JUNGLE,Maokai vs Warwick,118.0,0.0
1723,TOP,Akali vs Yasuo,156.0,0.0
1724,JUNGLE,Hecarim vs Rammus,78.0,0.0
1725,TOP,Teemo vs Yorick,132.0,0.0
1726,TOP,Illaoi vs Swain,78.0,0.0
1727,DUO_SUPPORT,Galio vs Janna,78.0,0.0
1728,JUNGLE,Ivern vs Twitch,108.0,0.0
1729,MID,Kassadin vs Swain,88.0,0.0
1730,DUO_SUPPORT,Blitzcrank vs Malzahar,102.0,0.0
1731,TOP,Jarvan IV vs Riven,114.0,0.0
1732,JUNGLE,Jarvan IV vs Xin Zhao,146.0,0.0
1733,JUNGLE,Lee Sin vs Shen,96.0,0.0
1734,MID,Ahri vs ChoGath,96.0,0.0
1735,TOP,Jayce vs Shen,156.0,0.0
1736,JUNGLE,Evelynn vs Jarvan IV,92.0,0.0
1737,MID,VelKoz vs Xerath,128.0,0.0
1738,DUO_SUPPORT,Lux vs Maokai,82.0,0.0
1739,TOP,Renekton vs Trundle,214.0,0.0
1740,DUO_SUPPORT,Maokai vs Zyra,170.0,0.0
1741,TOP,Fiora vs Sion,144.0,0.0
1742,MID,Cassiopeia vs Syndra,228.0,0.0
1743,TOP,Riven vs Singed,132.0,0.0
1744,MID,Brand vs Twisted Fate,102.0,0.0
1745,TOP,Garen vs Renekton,486.0,0.0
1746,TOP,Kled vs Nautilus,96.0,0.0
1747,MID,Fizz vs VelKoz,218.0,0.0
1748,MID,Viktor vs Vladimir,98.0,0.0
1749,DUO_SUPPORT,Alistar vs Braum,314.0,0.0
1750,DUO_SUPPORT,Annie vs Braum,108.0,0.0
1751,TOP,Aatrox vs Jax,96.0,0.0
1752,JUNGLE,Amumu vs Rammus,126.0,0.0
1753,MID,Heimerdinger vs Orianna,92.0,0.0
1754,TOP,Fiora vs Heimerdinger,82.0,0.0
1755,JUNGLE,Amumu vs Udyr,142.0,0.0
1756,TOP,Garen vs Vladimir,80.0,0.0
1757,DUO_SUPPORT,Gragas vs Thresh,144.0,0.0
1758,TOP,Gnar vs Renekton,234.0,0.0
1759,TOP,Kayle vs Renekton,126.0,0.0
1760,TOP,Irelia vs Poppy,110.0,0.0
